Name,RAdeg,DEdeg,Memb,Disk,Acc,K2var,umag,gmag,rmag,imag,Hamag,SpT,Avmag,Lbol,Mstar,Rstar,logAge,logMacc,DlogMacc+,DlogMacc-,Age_linear,Macc_linear,logMstar,c_value,is_synthetic
EPIC224375291,271.13417,-24.35778,y,y*,2.0,P,19.182,17.039,15.649,14.966,15.239,K5.5,0.586,1.73,0.862,2.334,5.95,-8.702,0.341,,891250.9381337459,1.9860949173573715e-09,-0.0644927341752872,-6.182549780768546,True
05352277-0428510,83.84490966796875,-4.480854988098145,,,,,,,,,,,0.3519999980926513,0.3698281702379536,0.4699999988079071,1.492915834291236,6.269746359554891,-8.234033578951253,,,1860999.941825868,5.8339999498002685e-09,-0.3279021431658131,-5.28375232950521,True
05401274-0228199,85.05310821533203,-2.472201108932495,,,,,,,,,,,0.6460000276565552,0.9908319444593106,0.4460000097751617,2.364429031907467,5.716003327704972,-8.49363028904181,,,519999.9809265137,3.2089999546514103e-09,-0.3506651317692511,-5.745131430162217,True
WFI15936,271.07584,-24.41072,y,n*,1.0,,,19.842,18.235,16.994,17.269,M2.5,0.651,0.517,0.296,2.045,5.79,-8.36,0.365,0.865,616595.0018614822,4.365158322401665e-09,-0.5287082889410615,-5.378725084960104,True
WFI15636,271.1487,-24.41365,y,,2.0,,,18.863,17.376,16.65,16.915,K7.75,0.591,0.458,0.783,1.384,6.6,-9.459,0.309,,3981071.7055349695,3.475361614432061e-10,-0.1062382379420565,-6.62487739623633,True
05352157-0509497,83.83990478515625,-5.163815975189209,,,,,,,,,,,0.7680000066757202,0.1475706633732265,0.3429999947547912,1.0687910770592994,6.558828530993614,-9.18118049896148,,,3621000.051498411,6.588999901246946e-10,-0.4647058865985276,-5.956568308409247,True
EPIC224369815,271.09417,-24.36761,?,n,2.0,MP,14.795,13.688,13.359,13.223,13.303,F1,0.0,6.034,1.596,1.618,7.11,-7.597,0.115,,12882495.51693135,2.5292979964461423e-08,0.2030328870147106,-4.904708973337773,True
05353170-0441077,83.8821029663086,-4.685482978820801,,,,,,,,,,,1.2660000324249268,0.1425607541948693,0.2520000040531158,1.14561586512084,6.327563245381381,-8.479123605628784,,,2125999.9275207524,3.318000096896872e-09,-0.5985994522333535,-5.197412150152731,True
2MASS J18035008-2423230,270.95869,-24.38973,y,,1.0,,,19.391,17.998,17.231,17.105,K1.25,1.906,0.421,0.83,0.842,7.6,-8.669,0.239,0.533,39810717.05534969,2.1428906011200563e-09,-0.0809219076239261,-5.452532806109421,True
EPIC224377629,271.06508,-24.35369,y,n,1.0,P,,17.867,16.285,15.564,15.858,M0.25,0.329,1.418,0.416,2.859,5.46,-8.982,0.513,,288403.1503126605,1.0423174293933055e-09,-0.3809066693732573,-6.304377695927578,True
WFI20559,271.03221,-24.36506,y,,1.0,P,,,18.601,17.608,17.161,M3,0.571,0.305,0.264,1.639,5.97,-8.119,0.092,0.103,933254.3007969904,7.603262769401823e-09,-0.5783960731301689,-5.007251292873042,True
05413275-0157574,85.386474609375,-1.965950965881348,,,,,,,,,,,0.6629999876022339,0.3126079401446998,0.4979999959468841,1.3568702822104604,6.4207806179767415,-8.943476273852971,,,2634999.9904632545,1.1390000054234414e-09,-0.3027706607749127,-5.959665299420583,True
05345201-0524187,83.71674346923828,-5.405220985412598,,,,,,,,,,,1.7280000448226929,0.2937649616481951,0.3379999995231628,1.498861563965303,6.143951118505248,-8.323489270031907,,,1393000.0066757216,4.748000215215595e-09,-0.471083300335031,-5.262192340412732,True
05385200-0246436,84.7166976928711,-2.77879810333252,,,,,,,,,,,0.5860000252723694,0.7585775797141698,0.5389999747276306,1.949107957592096,5.980003363994143,-8.62911696370978,,,954999.9833107,2.3490001055392903e-09,-0.2684112551762498,-5.86556851269923,True
05454612-0044407,86.44220733642578,-0.7446399927139282,,,,,,,,,,,1.3020000457763672,0.2728977716889368,0.3529999852180481,1.4264650080182115,6.216693587350538,-8.688246150050924,,,1646999.955177306,2.049999947573153e-09,-0.4522253127983539,-5.6184765141912845,True
05354987-0518308,83.95781707763672,-5.308582782745361,,,,,,,,,,,2.901000022888184,0.3334264142275879,0.3379999995231628,1.592111510347152,6.078456801458615,-8.20655886212091,,,1197999.9542236335,6.215000070142201e-09,-0.471083300335031,-5.172187814032242,True
WFI20020,271.11138,-24.37049,y,?,2.0,,19.618,17.914,16.485,15.73,16.001,K9.5,0.055,0.85,0.501,2.104,5.86,-9.176,0.488,,724435.9600749906,6.668067692136218e-10,-0.3001622741327542,-6.425700494825794,True
EPIC224393028,270.91133,-24.32589,y,n,2.0,QPS,16.907,15.631,14.984,14.695,14.895,G2.25,0.034,1.324,1.059,1.165,7.36,-8.296,0.015,,22908676.52767775,5.058246620031148e-09,0.0248959601074849,-5.2984682370773015,True
05362788-0625360,84.11619567871094,-6.426677227020264,,,,,,,,,,,0.2140000015497207,0.1355189503115454,0.1940000057220459,1.193603173620758,6.17811324351993,-9.183626107693687,,,1506999.9694824233,6.552000053616811e-10,-0.7121982572602228,-5.834245647526447,True
WFI16479,271.0627,-24.40449,y,n,1.0,,,18.549,17.224,16.581,16.005,K4.25,0.853,0.46,0.984,1.11,7.14,-8.273,0.145,0.148,13803842.64602884,5.333348954876213e-09,-0.0070049015686584,-5.3296572794235,True
WFI19339,271.09201,-24.37712,y,n*,1.0,,,19.494,17.811,16.866,17.091,K6.25,1.57,0.572,0.941,1.408,6.68,-8.77,0.376,0.476,4786300.923226381,1.698243652461746e-09,-0.0264103765727431,-5.9937162155685275,True
VPHAS J180413.7-241725.3,271.05696,-24.29036,y,n*,1.0,,,19.002,17.319,16.437,16.71,K5,2.004,1.156,0.998,1.85,6.32,-8.472,0.21,0.294,2089296.1308540408,3.372873086588692e-09,-0.0008694587126288,-5.872747129504202,True
2MASS J18032507-2400330,270.85448,-24.00919,?,n,2.0,,14.037,12.861,12.747,12.708,12.762,A5.25,0.0,12.318,1.904,1.778,6.9,-7.431,0.057,,7943282.347242822,3.70680721782576e-08,0.2796669440484555,-4.912142049584444,True
05333148-0609541,83.3812026977539,-6.165049076080322,,,,,,,,,,,1.8559999465942385,0.3118889710797116,0.2689999938011169,1.648545336830114,5.965671982874396,-8.76245627056823,,,924000.0247955328,1.7279999653396763e-09,-0.5702477300055503,-5.6617478765949,True
05392639-0215034,84.85999298095703,-2.250967979431152,,,,,,,,,,,0.3210000097751617,0.5345643412021641,0.6769999861717224,1.5501178029246572,6.3800302351920966,-8.919012957169015,,,2398999.9294281024,1.2049999886798431e-09,-0.169411340185675,-6.10352454362815,True
WFI39120,271.02912,-24.20516,y,,1.0,,,19.418,17.9,16.832,16.934,F6,4.378,3.26,1.271,1.469,7.24,-7.533,0.289,0.555,17378008.28749376,2.9308932452503185e-08,0.1041455505540081,-4.6748733894780035,True
WFI13430,271.12881,-24.44584,y,y,1.0,,18.726,17.54,16.236,15.617,15.667,K4.5,0.65,0.984,1.106,1.65,6.53,-8.71,0.139,0.11,3388441.5613920274,1.9498445997580416e-09,0.0437551269686794,-6.07513039643622,True
05470696+0000477,86.77899932861328,0.0132550001144409,,,,,,,,,,,1.4220000505447388,1.093956368298981,0.5809999704360962,2.218119867741602,5.848804682865628,-7.76649624878721,,,705999.9704360979,1.7119999640158342e-08,-0.2358238897085343,-5.093923040207901,True
WFI22010,271.06174,-24.35165,y,n*,1.0,,,19.291,17.495,16.511,16.987,K5,2.524,1.519,0.954,2.121,6.12,-8.771,0.331,,1318256.7385564074,1.694337800447325e-09,-0.0204516252959049,-6.231714611163557,True
WFI16083,271.10488,-24.40907,y,n,1.0,,,20.104,18.403,17.054,17.658,M2.75,1.084,0.678,0.269,2.39,5.25,-8.634,0.425,,177827.94100389228,2.322736796357105e-09,-0.5702477199975919,-5.827517130308806,True
WFI16479,271.0627,-24.40449,y,n,1.0,,,18.549,17.224,16.581,16.005,K4.25,0.853,0.46,0.984,1.11,7.14,-8.273,0.145,0.148,13803842.64602884,5.333348954876213e-09,-0.0070049015686584,-5.3296572794235,True
2MASS J18044729-2417459,271.1972,-24.29606,y,n,1.0,,,19.814,18.102,16.981,17.256,G5.5,4.178,2.336,1.402,1.65,6.97,-7.784,0.263,0.267,9332543.007969905,1.6443717232149325e-08,0.1467480136306398,-5.085294974364171,True
EPIC224375540,270.99326,-24.35738,y,n*,1.0,P,,18.608,16.753,15.814,16.211,K7.5,2.024,2.549,0.59,3.214,5.47,-8.236,0.437,,295120.9226666384,5.8076441752131124e-09,-0.2291479883578558,-5.72674763727672,True
WFI22435,271.08843,-24.34768,y,,1.0,,,19.132,17.458,16.595,16.971,K5,1.933,0.956,1.035,1.683,6.47,-9.226,0.533,,2951209.226666384,5.942921586155714e-10,0.0149403497929365,-6.5830480709953045,True
05352372-0448166,83.84884643554688,-4.80461597442627,,,,,,,,,,,0.6639999747276306,0.1315224885622526,0.2129999995231628,1.148338201595014,6.251151341317024,-8.537751795281114,,,1782999.9923706052,2.898999929001892e-09,-0.6716203975335053,-5.2044627813289805,True
EPIC224357960,270.95742,-24.38908,y,n,1.0,N,17.181,15.983,15.299,15.037,14.902,F9.25,0.984,2.252,1.191,1.397,7.26,-8.112,0.128,0.125,18197008.586099826,7.726805850957022e-09,0.0759117614827775,-5.213561958830791,True
05352157-0509497,83.83990478515625,-5.163815975189209,,,,,,,,,,,0.7680000066757202,0.1475706633732265,0.3429999947547912,1.0687910770592994,6.558828530993614,-9.18118049896148,,,3621000.051498411,6.588999901246946e-10,-0.4647058865985276,-5.956568308409247,True
05354886-0612078,83.95361328125,-6.202184200286865,,,,,,,,,,,0.9020000100135804,1.3243415393751203,0.7289999723434448,2.2174531583191253,5.940516474483186,-8.01108449103795,,,871999.9790191657,9.747999740739036e-09,-0.1372724881581427,-5.412815389206038,True
SCB280,270.98428,-24.37444,?,n*,1.0,P,17.849,16.528,15.78,15.489,15.248,G3.75,0.982,1.489,1.137,1.273,7.26,-8.101,0.137,0.184,18197008.586099826,7.925013304804703e-09,0.0557604646877347,-5.179659030244272,True
WFI35073,271.1207,-24.2358,y,n,1.0,,,18.077,16.575,15.702,16.077,G9.75,2.554,2.492,1.567,1.874,6.76,-8.433,0.189,0.371,5754399.373371567,3.6897759857015053e-09,0.1950689964685901,-5.8755488651734735,True
2MASS J18025113-2418077,270.71307,-24.30218,y,y,2.0,,19.782,18.624,17.079,16.246,16.411,K6.5,0.846,0.629,0.891,1.499,6.55,-8.887,0.35,0.472,3548133.892335753,1.2971792709839544e-09,-0.0501222959631252,-6.137211784238376,True
05395465-0246341,84.97772979736328,-2.7761390209198,,,,,,,,,,,0.9710000157356262,1.3091819190464828,0.5289999842643738,2.4876938434082163,5.693726938233895,-7.815308583671066,,,493999.98784065264,1.5299999489570837e-08,-0.2765443408833317,-5.160209828379852,True
05353333-0451113,83.888916015625,-4.853157997131348,,,,,,,,,,,1.3919999599456787,0.2612161328586812,0.402999997138977,1.337916669435967,6.348694212161916,-9.007446475664317,,,2232000.112533572,9.830000147203974e-10,-0.3946949569420829,-5.948795075937149,True
VPHAS J180337.3-243216.7,270.90555,-24.53799,?,n*,1.0,,,18.999,17.676,16.991,17.037,K2.25,1.38,0.392,0.843,0.876,7.53,-9.017,0.354,0.537,33884415.61392027,9.616122783836659e-10,-0.0741724253752576,-5.836982168983486,True
EPIC224361948,271.08042,-24.38183,y,y*,2.0,MP,18.826,16.834,15.343,14.592,14.829,K5,1.23,3.771,0.891,3.342,5.56,-7.676,0.126,0.464,363078.054770101,2.1086281499332885e-08,-0.0501222959631252,-5.333218436376173,True
05215426-0217257,80.47611236572266,-2.290472984313965,,,,,,,,,,,2.200000047683716,0.9078205313618252,0.9120000004768372,1.732338837448053,6.370883012545928,-8.494714338123492,,,2348999.9771118173,3.200999909580557e-09,-0.0400051614445139,-5.830062924926313,True
WFI16133,271.05046,-24.40842,?,,1.0,,,18.617,17.243,16.46,16.728,G9,2.146,0.957,1.053,1.139,7.29,-8.941,0.457,,19498445.997580454,1.1455129414455335e-09,0.0224283711854864,-5.9694419504214284,True
05350822-0537047,83.78424835205078,-5.617991924285889,,,,,,,,,,,2.674000024795532,0.8298507670588517,0.4370000064373016,2.205863644971468,5.783903565307936,-7.970210529250423,,,607999.9804496765,1.0709999997970955e-08,-0.3595185566321307,-5.183734324180745,True
05353733-0623263,83.90555572509766,-6.390665054321289,,,,,,,,,,,0.7210000157356262,0.2630268092972728,0.4169999957084656,1.3278412516396387,6.373279891173302,-8.838033394191855,,,2361999.9885559096,1.451999964707793e-09,-0.3798639494957622,-5.786130544512759,True
05351539-0433262,83.81414031982422,-4.557290077209473,,,,,,,,,,,0.2560000121593475,0.5370317831033883,0.5730000138282776,1.6439358532736303,6.224274014047136,-8.75770709772272,,,1675999.9990463257,1.7469999891162026e-09,-0.2418453675517294,-5.923928049970591,True
05385200-0246436,84.7166976928711,-2.77879810333252,,,,,,,,,,,0.5860000252723694,0.7585775797141698,0.5389999747276306,1.949107957592096,5.980003363994143,-8.62911696370978,,,954999.9833107,2.3490001055392903e-09,-0.2684112551762498,-5.86556851269923,True
2MASS J18034053-2423321,270.91899,-24.39227,y,y,0.0,,,17.994,16.544,15.689,16.114,M0.25,0.15,0.997,0.433,2.397,5.7,-8.67,0.746,,501187.2336272725,2.137962089502232e-09,-0.3635121036466345,-5.913479186313309,True
VPHAS J180403.3-243309.6,271.01363,-24.55266,?,,1.0,,,19.425,17.788,16.976,16.993,K5,1.716,0.586,1.044,1.318,6.85,-8.733,0.259,0.543,7079457.843841373,1.8492686189780759e-09,0.0187004986662433,-5.938096887444486,True
WFI17329,271.11291,-24.39623,y,n,1.0,,,19.386,17.864,17.044,17.179,K3.75,1.891,0.582,1.052,1.208,7.04,-8.804,0.303,0.504,10964781.961431852,1.5703628043335515e-09,0.0220157398177202,-5.934752432419911,True
WFI19328,271.09127,-24.37723,y,?,1.0,,,18.261,16.643,15.806,16.088,K8,0.922,1.202,0.602,2.276,5.83,-8.515,0.243,,676082.9753919819,3.054921113215509e-09,-0.2204035087421754,-5.8676837445672785,True
EPIC224345928,270.77896,-24.41081,y,y*,2.0,N,14.117,12.917,12.8,12.756,12.831,A5,0.0,11.762,1.842,1.72,6.96,-7.439,0.03,,9120108.393559096,3.6391503612720714e-08,0.2652896258608301,-4.879134458596123,True
WFI22010,271.06174,-24.35165,y,n*,1.0,,,19.291,17.495,16.511,16.987,K5,2.524,1.519,0.954,2.121,6.12,-8.771,0.331,,1318256.7385564074,1.694337800447325e-09,-0.0204516252959049,-6.231714611163557,True
EPIC248368907,270.85671,-24.34914,y,n,1.0,N,17.365,16.239,15.529,15.245,15.142,G2,0.843,1.642,1.139,1.291,7.27,-8.349,0.155,0.295,18620871.366628654,4.477133041763623e-09,0.0565237240791003,-5.424415333348675,True
05401513-0057266,85.06307983398438,-0.9574019908905028,,,,,,,,,,,0.5509999990463257,0.1963360199231302,0.4429999887943268,1.1336843929238616,6.607240488688962,-9.349206951350904,,,4047999.858856198,4.4750000927074015e-10,-0.3535962847623979,-6.230973206545388,True
05344514-0621072,83.68812561035156,-6.3520188331604,,,,,,,,,,,0.6639999747276306,0.2197859911395355,0.395000010728836,1.2402027968698992,6.435525862741863,-9.267204319301172,,,2726000.0705718985,5.40499978107791e-10,-0.4034028925774025,-6.16295788753459,True
05392935-0227209,84.87229919433594,-2.455828905105591,,,,,,,,,,,1.0509999990463257,0.2032357142591357,0.3089999854564667,1.2899174013140535,6.302114401744759,-8.121938023637634,,,2005000.114440919,7.551999914312548e-09,-0.5100415410158657,-4.951339413429704,True
05360110-0615314,84.00459289550781,-6.258735179901123,,,,,,,,,,,0.7450000047683716,0.381944259727038,0.4510000050067901,1.5369299125701148,6.216429838173389,-8.467882876138434,,,1646000.0276565554,3.405000059686354e-09,-0.3458234533007062,-5.519152558966706,True
VPHAS J180404.2-241743.1,271.01748,-24.29529,y,?,1.0,,19.999,19.261,17.818,16.704,16.826,A8,5.308,8.745,1.743,1.703,7.0,-6.4,0.125,0.121,10000000.0,3.981071705534969e-07,0.2412973871099932,-3.796421399508192,True
05355433-0526444,83.97639465332031,-5.445690155029297,,,,,,,,,,,0.3129999935626983,0.4528975677206877,0.527999997138977,1.5699544360917126,6.249931755935361,-8.729321179628174,,,1777999.9971389752,1.8649999322661853e-09,-0.2773660798194576,-5.844622760147236,True
WFI13674,270.99385,-24.44146,y,,1.0,,,19.417,17.52,16.512,16.087,K5,2.812,1.861,0.927,2.347,5.98,-7.115,0.206,0.26,954992.5860214368,7.673614893618187e-08,-0.0329202658555029,-4.619099891190009,True
VPHAS J180240.0-241934.6,270.66665,-24.32627,?,y,1.0,,20.08,19.088,17.643,16.755,16.941,G6.25,2.899,1.229,1.17,1.213,7.19,-8.324,0.117,0.107,15488166.189124828,4.7424198526024486e-09,0.0681858617461616,-5.4455593462690555,True
05332136-0521347,83.33903503417969,-5.359641075134277,,,,,,,,,,,2.976999998092652,1.8030177913403385,0.6570000052452087,2.639621387161264,5.69460520311716,-7.993962047109528,,,495000.00476837176,1.013999995080894e-08,-0.1824346269729967,-5.445462487045303,True
VPHAS J180413.7-241725.3,271.05696,-24.29036,y,n*,1.0,,,19.002,17.319,16.437,16.71,K5,2.004,1.156,0.998,1.85,6.32,-8.472,0.21,0.294,2089296.1308540408,3.372873086588692e-09,-0.0008694587126288,-5.872747129504202,True
EPIC224366753,270.95108,-24.37314,y,y*,1.0,P,17.037,15.521,14.489,14.009,14.087,G9.75,0.47,3.0,1.655,2.056,6.66,-8.315,0.251,0.178,4570881.896148752,4.841723675840999e-09,0.2187979981117375,-5.825629812316162,True
WFI17541,271.02192,-24.39411,y,n,1.0,P,,18.624,16.992,16.225,16.457,M2,0.0,0.777,0.32,2.418,5.53,-9.153,0.496,,338844.1561392028,7.030723198838325e-10,-0.494850021680094,-6.317097287844609,True
05343064-0435526,83.62767791748047,-4.597960948944092,,,,,,,,,,,1.9739999771118164,0.3572728407016879,0.4429999887943268,1.4997730427091107,6.2410481466297485,-8.481091413731303,,,1741999.9837875385,3.3030000956557553e-09,-0.3535962847623979,-5.513405870117726,True
2MASS J18033481-2419577,270.89511,-24.33271,y,n*,1.0,,,19.34,17.415,16.235,16.069,K2.75,3.914,4.346,1.392,3.065,5.87,-6.82,0.161,0.197,741310.2413009177,1.5135612484362072e-07,0.1436392352745432,-4.569991310096571,True
WFI17034,271.06179,-24.39888,y,,1.0,,,19.571,17.996,17.082,17.265,M0.5,0.372,0.321,0.484,1.385,6.37,-9.144,0.275,1.063,2344228.8153199228,7.177942912713614e-10,-0.3151546383555875,-6.166990850415223,True
EPIC224396425,271.00033,-24.31997,y,n,2.0,QPS,17.718,15.927,14.872,14.403,14.586,K2,0.27,2.011,1.499,1.936,6.56,-9.114,0.419,,3630780.54770101,7.691304402866083e-10,0.1758016328482795,-6.6168741357063166,True
05344117-0546116,83.67157745361328,-5.769899845123291,,,,,,,,,,,1.1859999895095823,0.3580964290425507,0.3600000143051147,1.6131931612833377,6.081707276273951,-8.568636235623158,,,1207000.0171661368,2.700000001354398e-09,-0.4436974819754009,-5.564054173475837,True
WFI18021,271.06754,-24.39003,y,,1.0,QPS,,17.745,16.376,15.736,15.713,K7.5,0.333,0.918,0.691,1.929,6.09,-8.381,0.164,0.655,1230268.770812381,4.159106104940219e-09,-0.1605219526258016,-5.69485140868788,True
VPHAS J180243.3-241743.2,270.68045,-24.29534,y,,1.0,,18.625,17.764,16.58,15.916,16.023,G6.5,1.703,1.208,1.167,1.208,7.19,-8.649,0.263,0.595,15488166.189124828,2.2438819237827707e-09,0.0670708560453701,-5.769292088077261,True
2MASS J18044729-2417459,271.1972,-24.29606,y,n,1.0,,,19.814,18.102,16.981,17.256,G5.5,4.178,2.336,1.402,1.65,6.97,-7.784,0.263,0.267,9332543.007969905,1.6443717232149325e-08,0.1467480136306398,-5.085294974364171,True
WFI22873,271.17217,-24.34382,y,n,2.0,,,18.643,16.993,16.032,16.507,M0,0.883,1.141,0.444,2.518,5.65,-9.281,0.721,,446683.5921509635,5.236004365857495e-10,-0.3526170298853802,-6.557417858895956,True
05341320-0533535,83.55500793457031,-5.564878940582275,,,,,,,,,,,0.1379999965429306,0.192752502958973,0.4930000007152557,1.0879215216604317,6.714078168822,-8.386686849593922,,,5177000.045776368,4.1049998955600156e-09,-0.3071530800926856,-5.277315189751157,True
05342949-0513551,83.62287902832031,-5.231997966766357,,,,,,,,,,,3.5209999084472656,0.5597575962710917,0.6959999799728394,1.5663103046962936,6.381656481209789,-8.244353764921955,,,2407999.992370607,5.697000204918367e-09,-0.1573907728861124,-5.441858731836129,True
WFI15690,271.2399,-24.41294,y,y,1.0,,,19.95,18.291,17.266,17.31,G8.75,3.458,1.085,1.156,1.204,7.18,-8.126,0.174,0.408,15135612.484362071,7.481695005111553e-09,0.0629578340845102,-5.245728616943364,True
2MASS J18023732-2416240,270.65543,-24.27338,y,y*,2.0,,19.23,17.984,16.496,15.694,15.748,K7.25,0.382,0.794,0.745,1.767,6.24,-8.533,0.079,0.176,1737800.8287493763,2.930893245250324e-09,-0.1278437272517071,-5.822324126111663,True
05350167-0432529,83.75697326660156,-4.548037052154541,,,,,,,,,,,0.6610000133514404,0.2084490910561493,0.4359999895095825,1.1718915844889728,6.5550944381950895,-9.370590387600387,,,3589999.9141693125,4.260000130429399e-10,-0.3605135211807958,-6.2659330384266365,True
WFI33389,271.13225,-24.24843,y,n*,0.0,,,19.064,17.331,16.23,16.89,M0.25,1.43,1.405,0.417,2.846,5.47,-8.61,0.437,,295120.9226666384,2.4547089156850333e-09,-0.3798639450262425,-5.929451624541981,True
05353333-0451113,83.888916015625,-4.853157997131348,,,,,,,,,,,1.3919999599456787,0.2612161328586812,0.402999997138977,1.337916669435967,6.348694212161916,-9.007446475664317,,,2232000.112533572,9.830000147203974e-10,-0.3946949569420829,-5.948795075937149,True
EPIC224379078,270.89992,-24.35106,y,n*,2.0,QPS,19.847,17.348,15.753,15.028,15.228,K2.75,2.979,9.658,1.519,4.57,5.48,-7.16,0.165,0.249,301995.1720402019,6.918309709189362e-08,0.1815577738627863,-5.113423526717018,True
SCB876,271.20944,-24.34498,y,n,2.0,,20.044,17.839,16.484,15.792,16.182,K0.75,2.184,2.152,1.505,1.841,6.71,-9.152,0.444,,5128613.839913649,7.046930689671482e-10,0.1775364999298621,-6.595178221929411,True
05364039-0613334,84.1683120727539,-6.22594690322876,,,,,,,,,,,0.6359999775886536,0.3801894077999425,0.5699999928474426,1.417714183774354,6.422753953505991,-8.748361770630076,,,2647000.0743865985,1.7850000366692563e-09,-0.2441251497771862,-5.830392997436485,True
05350167-0432529,83.75697326660156,-4.548037052154541,,,,,,,,,,,0.6610000133514404,0.2084490910561493,0.4359999895095825,1.1718915844889728,6.5550944381950895,-9.370590387600387,,,3589999.9141693125,4.260000130429399e-10,-0.3605135211807958,-6.2659330384266365,True
WFI15668,271.2334,-24.41318,y,,2.0,,,19.883,18.188,16.944,17.569,M2.5,0.729,0.56,0.294,2.13,5.73,-9.332,0.599,,537031.7963702533,4.6558609352295804e-10,-0.5316526695878427,-6.372045723022438,True
05340383-0436062,83.51599884033203,-4.60172700881958,,,,,,,,,,,0.6510000228881836,0.2306747059551769,0.4289999902248382,1.2361165263513127,6.477988982313338,-8.814174629598787,,,3006000.0419616685,1.5340000381058886e-09,-0.3675427177110773,-5.73322768453821,True
05344188-0453382,83.67452239990234,-4.893969058990479,,,,,,,,,,,1.0269999504089355,0.3732501551319357,0.2860000133514404,1.767738906619822,5.913283904794671,-8.363813095611128,,,819000.0057220457,4.327000091564065e-09,-0.5436339465966327,-5.314890233475607,True
VPHAS J180521.8-243000.7,271.34066,-24.50017,?,,1.0,,,19.139,17.767,17.097,17.255,K5.5,0.511,0.231,0.8,0.853,7.45,-10.102,0.608,,28183829.31264455,7.906786279998245e-11,-0.0969100130080563,-6.929029221546834,True
05380097-0226079,84.50405883789062,-2.435533046722412,,,,,,,,,,,0.5220000147819519,0.1581248042742671,0.3680000007152557,1.0817909467573783,6.575995615585437,-9.005814847591909,,,3766999.9599456815,9.867000549945696e-10,-0.4341521804823747,-5.808870735024194,True
SCB488,271.06688,-24.46594,y,y*,2.0,,19.068,17.032,15.523,14.792,15.008,K7.5,0.878,3.152,0.584,3.574,5.34,-7.777,0.269,0.635,218776.1623949552,1.671090614310707e-08,-0.2335871528876005,-5.316147628908928,True
GES J18034300-2420123,270.92918,-24.33675,y,n*,1.0,,,18.318,16.748,15.841,16.046,K1.75,2.606,2.46,1.596,2.104,6.48,-8.147,0.212,,3019951.720402019,7.1285303012651914e-09,0.2030328870147106,-5.7137132065163705,True
05344514-0621072,83.68812561035156,-6.3520188331604,,,,,,,,,,,0.6639999747276306,0.2197859911395355,0.395000010728836,1.2402027968698992,6.435525862741863,-9.267204319301172,,,2726000.0705718985,5.40499978107791e-10,-0.4034028925774025,-6.16295788753459,True
WFI36376,271.11586,-24.22616,y,,1.0,,,18.353,16.805,16.018,16.332,K7.75,0.861,0.972,0.652,2.015,6.01,-9.175,0.412,,1023292.9922807536,6.683439175686134e-10,-0.1857524042680798,-6.493065200098573,True
EPIC224420233,270.87983,-24.27753,y,n,2.0,QPS,18.627,16.822,15.796,15.367,15.507,K2.5,0.0,0.721,1.094,1.217,7.09,-9.891,0.505,,12302687.70812381,1.2852866599436154e-10,0.039017321997412,-7.0205196656812685,True
05350167-0432529,83.75697326660156,-4.548037052154541,,,,,,,,,,,0.6610000133514404,0.2084490910561493,0.4359999895095825,1.1718915844889728,6.5550944381950895,-9.370590387600387,,,3589999.9141693125,4.260000130429399e-10,-0.3605135211807958,-6.2659330384266365,True
2MASS J18034495-2416085,270.93729,-24.26903,y,y,2.0,,19.365,17.789,16.408,15.797,15.753,K5,0.616,0.922,0.914,1.738,6.36,-9.168,0.766,,2290867.652767774,6.792036326171856e-10,-0.0390538042661685,-6.508904050998635,True
05340383-0436062,83.51599884033203,-4.60172700881958,,,,,,,,,,,0.6510000228881836,0.2306747059551769,0.4289999902248382,1.2361165263513127,6.477988982313338,-8.814174629598787,,,3006000.0419616685,1.5340000381058886e-09,-0.3675427177110773,-5.73322768453821,True
EPIC224316080,271.08642,-24.46494,y,n,1.0,QPS,16.018,14.764,14.079,13.751,13.894,F8.75,0.853,6.089,1.616,2.246,6.9,-8.036,0.174,0.314,7943282.347242822,9.204495717531724e-09,0.2084413564385673,-5.436190706196783,True
05344178-0453462,83.67411041259766,-4.896180152893066,,,,,,,,,,,0.8849999904632568,0.3564511220765602,0.4399999976158142,1.5024211928636977,6.2367891054118365,-8.951169912009007,,,1725000.0238418588,1.1190000037686346e-09,-0.3565473258670824,-5.981881334482256,True
05354987-0518308,83.95781707763672,-5.308582782745361,,,,,,,,,,,2.901000022888184,0.3334264142275879,0.3379999995231628,1.592111510347152,6.078456801458615,-8.20655886212091,,,1197999.9542236335,6.215000070142201e-09,-0.471083300335031,-5.172187814032242,True
05392639-0215034,84.85999298095703,-2.250967979431152,,,,,,,,,,,0.3210000097751617,0.5345643412021641,0.6769999861717224,1.5501178029246572,6.3800302351920966,-8.919012957169015,,,2398999.9294281024,1.2049999886798431e-09,-0.169411340185675,-6.10352454362815,True
05215741+0011423,80.48921203613281,0.1950929760932922,,,,,,,,,,,-0.2140000015497207,0.1541700535892966,0.4169999957084656,1.0274492285557817,6.706034641806693,-9.055024093964663,,,5081999.77874756,8.809999951786575e-10,-0.3798639494957622,-5.866319833135826,True
WFI17930,271.10674,-24.39086,y,y*,1.0,,,18.243,16.747,15.894,16.198,K1.25,2.363,1.951,1.499,1.812,6.69,-8.408,0.282,0.282,4897788.193684466,3.908408957924025e-09,0.1758016328482795,-5.857428817748827,True
05354764-0519145,83.94853973388672,-5.320701122283936,,,,,,,,,,,3.8519999980926514,0.3672822984817817,0.4399999976158142,1.5225608892832243,6.222716459987166,-8.462684735728649,,,1669999.9570846565,3.445999929851953e-09,-0.3565473258670824,-5.49918167365747,True
SCB284,270.98797,-24.28344,y,n,2.0,,18.244,16.379,15.536,15.072,15.408,F7,1.77,3.418,1.281,1.577,7.2,-8.008,0.054,,15848931.924611142,9.817479430199865e-09,0.1075491297446862,-5.170186435931786,True
05392639-0215034,84.85999298095703,-2.250967979431152,,,,,,,,,,,0.3210000097751617,0.5345643412021641,0.6769999861717224,1.5501178029246572,6.3800302351920966,-8.919012957169015,,,2398999.9294281024,1.2049999886798431e-09,-0.169411340185675,-6.10352454362815,True
WFI22455,270.99097,-24.34754,y,y*,1.0,S,,18.086,16.691,15.972,15.826,K8.75,0.106,0.661,0.6,1.769,6.14,-8.346,0.092,0.156,1380384.2646028835,4.5081670454146e-09,-0.2218487496163564,-5.56959463060743,True
WFI16916,271.1075,-24.3998,y,n*,2.0,,20.007,17.796,16.342,15.578,15.88,K8.75,0.204,0.976,0.552,2.148,5.86,-9.412,0.745,,724435.9600749906,3.872576449216165e-10,-0.2580609222708011,-6.709550728232482,True
WFI19744,271.20075,-24.37287,y,n,1.0,,,19.982,18.111,16.833,17.487,G4.25,5.097,4.993,1.814,2.354,6.68,-7.928,0.27,0.5,4786300.923226381,1.1803206356517298e-08,0.2586372827240765,-5.47568673970054,True
WFI23677,271.01794,-24.33656,y,,2.0,,19.436,18.737,17.356,16.655,16.231,K6.75,0.013,0.249,0.835,0.959,7.26,-8.798,0.166,0.517,18197008.586099826,1.5922087270511701e-09,-0.0783135245163979,-5.7242774226840325,True
EPIC224342790,271.12888,-24.41656,y,y,1.0,QPS,,17.927,16.345,15.564,15.966,K2.5,3.246,6.953,1.565,3.781,5.7,-7.807,0.398,0.735,501187.2336272725,1.5595525028269523e-08,0.1945143418824672,-5.684703373537161,True
EPIC224420233,270.87983,-24.27753,y,n,2.0,QPS,18.627,16.822,15.796,15.367,15.507,K2.5,0.0,0.721,1.094,1.217,7.09,-9.891,0.505,,12302687.70812381,1.2852866599436154e-10,0.039017321997412,-7.0205196656812685,True
GES J18035052-2418249,270.96049,-24.30692,y,,1.0,,,19.141,17.62,16.745,16.949,K1.25,2.476,0.96,1.153,1.271,7.09,-8.517,0.304,0.712,12302687.70812381,3.040885025676283e-09,0.061829307294699,-5.672446596116288,True
EPIC224389484,270.91125,-24.33242,?,n,1.0,U,17.19,15.472,14.494,14.085,14.152,G9,0.743,3.858,1.831,2.286,6.56,-8.42,0.232,0.271,3630780.54770101,3.8018939632056126e-09,0.2626883443016964,-6.021625107803789,True
WFI15993,271.24432,-24.41009,y,y,1.0,,19.404,17.388,15.945,15.072,15.158,G7.25,2.761,5.244,1.956,2.552,6.52,-7.308,0.094,0.093,3311311.214825908,4.9203953568145116e-08,0.2913688504515826,-4.958666610739631,True
05352288-0437406,83.84535217285156,-4.627968788146973,,,,,,,,,,,2.2090001106262207,0.238781139826872,0.4569999873638153,1.2319063079731425,6.511080839921449,-8.524328807993639,,,3243999.958038332,2.9900000253491027e-09,-0.3400838119385204,-5.460985591721633,True
05401274-0228199,85.05310821533203,-2.472201108932495,,,,,,,,,,,0.6460000276565552,0.9908319444593106,0.4460000097751617,2.364429031907467,5.716003327704972,-8.49363028904181,,,519999.9809265137,3.2089999546514103e-09,-0.3506651317692511,-5.745131430162217,True
WFI17930,271.10674,-24.39086,y,y*,1.0,,,18.243,16.747,15.894,16.198,K1.25,2.363,1.951,1.499,1.812,6.69,-8.408,0.282,0.282,4897788.193684466,3.908408957924025e-09,0.1758016328482795,-5.857428817748827,True
05455738+0020222,86.48909759521484,0.3395020067691803,,,,,,,,,,,2.5339999198913574,1.0115794539995848,0.5419999957084656,2.2024339114894533,5.835690573004015,-7.933674071814232,,,685000.0023841865,1.1650000075746896e-08,-0.2660007169003395,-5.232194876294287,True
WFI22873,271.17217,-24.34382,y,n,2.0,,,18.643,16.993,16.032,16.507,M0,0.883,1.141,0.444,2.518,5.65,-9.281,0.721,,446683.5921509635,5.236004365857495e-10,-0.3526170298853802,-6.557417858895956,True
EPIC224367284,271.05058,-24.37217,y,n*,1.0,QPD,19.671,17.79,16.408,15.74,15.954,K5,0.769,1.022,0.944,1.795,6.33,-8.786,0.114,0.427,2137962.0895022326,1.6368165214278103e-09,-0.025028005701931,-6.1551785879304255,True
05342298-0441392,83.59577941894531,-4.694241046905518,,,,,,,,,,,1.347000002861023,0.6353309363859276,0.4670000076293945,1.9066152042805449,5.9609461837254605,-8.3896592809976,,,913999.97472763,4.077000070878959e-09,-0.3306831123388045,-5.5631705831997404,True
WFI24784,270.98475,-24.32653,y,,1.0,,,19.639,18.081,17.097,17.437,G7.75,3.927,2.065,1.392,1.616,6.95,-8.058,0.288,0.628,8912509.381337458,8.749837752274364e-09,0.1436392352745432,-5.3639840532189735,True
WFI35120,271.22717,-24.23539,y,n,1.0,,,18.983,17.325,16.335,16.878,K0,3.717,3.454,1.784,2.221,6.56,-8.683,0.449,,3630780.54770101,2.07491351745491e-09,0.2513948500401042,-6.271789502472963,True
WFI22873,271.17217,-24.34382,y,n,2.0,,,18.643,16.993,16.032,16.507,M0,0.883,1.141,0.444,2.518,5.65,-9.281,0.721,,446683.5921509635,5.236004365857495e-10,-0.3526170298853802,-6.557417858895956,True
WFI22294,271.11359,-24.34913,y,y,1.0,,,18.554,17.04,16.043,16.444,G3.25,3.697,4.191,1.647,2.115,6.81,-7.864,0.175,0.279,6456542.290346549,1.3677288255958497e-08,0.2166935991697543,-5.310570386033998,True
EPIC224375369,271.06583,-24.35767,y,?,2.0,,19.466,17.164,15.817,15.194,15.469,K1.5,1.77,2.874,1.666,2.237,6.42,-8.854,0.421,,2630267.9918953814,1.3995873225726204e-09,0.2216749970707687,-6.466567940822193,True
WFI22744,271.14403,-24.34502,y,n,1.0,,,19.93,18.17,16.925,17.225,F8.25,5.188,4.971,1.467,1.977,7.02,-7.252,0.198,0.19,10471285.480508983,5.5975760149511044e-08,0.1664301138432827,-4.555108746699811,True
05343064-0435526,83.62767791748047,-4.597960948944092,,,,,,,,,,,1.9739999771118164,0.3572728407016879,0.4429999887943268,1.4997730427091107,6.2410481466297485,-8.481091413731303,,,1741999.9837875385,3.3030000956557553e-09,-0.3535962847623979,-5.513405870117726,True
SCB680,271.12838,-24.38108,y,n*,2.0,P,19.002,16.516,15.09,14.405,14.711,K7.5,0.456,3.287,0.583,3.65,5.3,-8.273,0.408,,199526.2314968879,5.333348954876213e-09,-0.2343314452409859,-5.827746417678654,True
WFI27280,271.11605,-24.29674,y,y,1.0,,,20.01,18.071,16.963,17.296,K5,3.17,1.532,0.951,2.13,6.11,-7.957,0.253,0.274,1288249.551693135,1.1040786199020736e-08,-0.021819483062586,-5.420271152609347,True
EPIC224338159,270.99521,-24.42478,y,n,1.0,P?,,18.042,16.489,15.636,15.661,K9.25,0.555,1.227,0.494,2.487,5.68,-7.822,0.233,0.195,478630.092322638,1.5066070661867422e-08,-0.306273051076353,-5.138756509196072,True
VPHAS J180317.5-241801.5,270.82296,-24.30042,?,,1.0,,,19.507,17.945,17.234,17.295,K5,1.282,0.35,0.941,1.019,7.18,-9.288,0.341,,15135612.484362071,5.15228644581756e-10,-0.0264103765727431,-6.306157300347419,True
WFI15690,271.2399,-24.41294,y,y,1.0,,,19.95,18.291,17.266,17.31,G8.75,3.458,1.085,1.156,1.204,7.18,-8.126,0.174,0.408,15135612.484362071,7.481695005111553e-09,0.0629578340845102,-5.245728616943364,True
05462243-0008526,86.59347534179688,-0.1479530036449432,,,,,,,,,,,2.382999897003174,1.4321879098877994,1.055999994277954,1.990095675417114,6.256236538027256,-8.231140009198445,,,1804000.0200271597,5.872999864209301e-09,0.0236639158445236,-5.685984807875126,True
2MASS J18042871-2418161,271.11963,-24.30447,?,?,1.0,P,,19.317,17.663,16.74,16.601,K6.5,1.327,0.542,0.919,1.394,6.68,-8.475,0.196,0.437,4786300.923226381,3.3496543915782794e-09,-0.0366844886138887,-5.6870391876947615,True
SCB280,270.98428,-24.37444,?,n*,1.0,P,17.849,16.528,15.78,15.489,15.248,G3.75,0.982,1.489,1.137,1.273,7.26,-8.101,0.137,0.184,18197008.586099826,7.925013304804703e-09,0.0557604646877347,-5.179659030244272,True
WFI13658,271.01525,-24.44169,y,,1.0,P,,18.467,17.053,16.533,15.812,,,0.28,0.863,0.955,7.3,-8.549,0.072,0.095,19952623.149688788,2.82487997491571e-09,-0.0639892042847904,-5.475112995874296,True
05365983-0120245,84.24929809570312,-1.340147018432617,,,,,,,,,,,1.3300000429153442,0.2233572105116833,0.2689999938011169,1.4017627911871196,6.13703747110277,-8.480040829914183,,,1371000.0514984136,3.310999918682005e-09,-0.5702477300055503,-5.3088810282077326,True
05350370-0450530,83.76545715332031,-4.848080158233643,,,,,,,,,,,2.345999956130981,1.088930094529033,0.4740000069141388,2.4022210179792536,5.708420881087503,-7.75671384001205,,,510999.9775886536,1.7510000560605493e-08,-0.3242216519909522,-5.0413865606153525,True
EPIC224340256,271.21504,-24.42103,y,y*,2.0,QPS,20.367,17.886,16.21,15.369,15.754,K7.75,1.422,2.68,0.565,3.346,5.41,-8.19,0.213,0.745,257039.5782768865,6.456542290346562e-09,-0.2479515521805615,-5.6840435425681015,True
2MASS J18045887-2411403,271.24534,-24.19451,y,y,1.0,,,19.943,18.185,17.161,17.56,K7,1.585,0.442,0.883,1.298,6.76,-9.254,0.373,,5754399.373371567,5.571857489319303e-10,-0.0540392964224314,-6.413425178374494,True
05345802-0517376,83.74179077148438,-5.293800830841064,,,,,,,,,,,3.3310000896453857,0.4395416221942006,0.4580000042915344,1.6290586321300042,6.149219102374428,-8.585360847023761,,,1409999.9666213982,2.598000037323798e-09,-0.3391345179267209,-5.671864362012302,True
EPIC224357532,271.11179,-24.38986,y,y,1.0,QPS,17.293,15.842,14.649,14.08,14.279,K2.5,0.728,3.796,1.49,2.794,6.03,-8.217,0.252,0.302,1071519.305237607,6.067363295885047e-09,0.173186268412274,-5.934794096997181,True
05455738+0020222,86.48909759521484,0.3395020067691803,,,,,,,,,,,2.5339999198913574,1.0115794539995848,0.5419999957084656,2.2024339114894533,5.835690573004015,-7.933674071814232,,,685000.0023841865,1.1650000075746896e-08,-0.2660007169003395,-5.232194876294287,True
SCB353,271.01745,-24.4756,?,n,2.0,,15.162,14.085,13.528,13.284,13.432,F6.75,0.541,7.811,1.636,2.355,6.91,-7.433,0.033,,8128305.161640995,3.6897759857015055e-08,0.2137832993353041,-4.835150905725836,True
05350052-0601235,83.75218200683594,-6.023196220397949,,,,,,,,,,,0.6370000243186951,0.1603245329079671,0.4129999876022339,1.0500747331903262,6.673205271934466,-8.635449010367955,,,4711999.893188477,2.314999969499358e-09,-0.3840499613806001,-5.4554838828199985,True
SCB540,271.08346,-24.38006,y,y,1.0,S,18.645,17.053,15.713,15.042,15.177,K3.5,1.132,2.197,1.196,2.309,6.13,-8.116,0.167,0.21,1348962.8825916534,7.655966069112571e-09,0.077731179652392,-5.684192964442444,True
WFI15668,271.2334,-24.41318,y,,2.0,,,19.883,18.188,16.944,17.569,M2.5,0.729,0.56,0.294,2.13,5.73,-9.332,0.599,,537031.7963702533,4.6558609352295804e-10,-0.5316526695878427,-6.372045723022438,True
05395362-0233426,84.97344970703125,-2.561851978302002,,,,,,,,,,,0.7710000276565552,0.1909853338249918,0.3540000021457672,1.1997871686347756,6.427486128287773,-8.558619107070975,,,2676000.118255614,2.763000050975957e-09,-0.4509967353417408,-5.40358523712209,True
EPIC224392069,271.1835,-24.32761,y,y,2.0,P,19.205,16.955,15.544,14.908,15.143,K7.75,0.374,2.09,0.578,2.956,5.54,-8.487,0.261,,346736.85045253165,3.258367010020087e-09,-0.2380721615794709,-5.938826632375953,True
WFI22455,270.99097,-24.34754,y,y*,1.0,S,,18.086,16.691,15.972,15.826,K8.75,0.106,0.661,0.6,1.769,6.14,-8.346,0.092,0.156,1380384.2646028835,4.5081670454146e-09,-0.2218487496163564,-5.56959463060743,True
WFI19545,271.10384,-24.37502,y,,1.0,,,18.385,16.925,16.268,16.229,F7.25,4.211,7.089,1.613,2.286,6.93,-7.29,0.087,0.087,8511380.38202376,5.128613839913649e-08,0.2076343673889615,-4.676939988991915,True
05345304-0503271,83.72101593017578,-5.057534217834473,,,,,,,,,,,0.335999995470047,0.4325138383956809,0.5320000052452087,1.535026961286647,6.28352736572411,-8.43889860690977,,,1921000.0038146968,3.6400000791303443e-09,-0.2740883634230623,-5.544113717270898,True
05351121-0517209,83.79673767089844,-5.289146900177002,,,,,,,,,,,4.4710001945495605,0.7925013240632388,0.453000009059906,2.1276071936599155,5.829303780500942,-7.540004734768644,,,675000.0119209292,2.8840000609875457e-08,-0.3439017893013686,-4.752612907103597,True
05372168-0040399,84.34037017822266,-0.6777639985084534,,,,,,,,,,,0.4090000092983246,0.1541700535892966,0.3260000050067901,1.1087851667898294,6.488973516934689,-9.432738303055691,,,3082999.9446868924,3.6920000390239435e-10,-0.486782393262057,-6.211753731120928,True
WFI13658,271.01525,-24.44169,y,,1.0,P,,18.467,17.053,16.533,15.812,,,0.28,0.863,0.955,7.3,-8.549,0.072,0.095,19952623.149688788,2.82487997491571e-09,-0.0639892042847904,-5.475112995874296,True
WFI13563,271.08521,-24.44302,y,n,2.0,,19.995,18.03,16.597,15.875,15.922,K5.5,0.784,0.853,0.98,1.639,6.47,-8.631,0.222,0.379,2951209.226666384,2.338837238659353e-09,-0.0087739243075051,-5.961095645465192,True
WFI14041,271.08089,-24.43534,y,,1.0,,,19.18,17.546,16.667,17.088,K5,1.887,0.858,1.048,1.594,6.55,-9.334,0.863,,3548133.892335753,4.634469197362884e-10,0.0203612826477078,-6.664319798321291,True
05352279-0531372,83.84497833251953,-5.527012825012207,,,,,,,,,,,1.85699999332428,0.5199959854003063,0.3529999852180481,1.9374460686002744,5.879669214920949,-8.180390254688822,,,758000.0162124627,6.601000190897827e-09,-0.4522253127983539,-5.249177347628586,True
SCB900,271.18405,-24.25694,y,y,1.0,,,18.112,16.337,15.33,15.775,K7.75,1.867,3.455,0.559,3.8,5.1,-7.671,0.216,0.197,125892.5411794166,2.133044913146575e-08,-0.2525881921135766,-5.287220303282615,True
2MASS J18025245-2418444,270.71859,-24.31234,y,y,1.0,,16.506,15.286,14.101,13.595,13.426,K4.75,0.0,4.166,0.936,3.453,5.54,-7.263,0.176,0.295,346736.85045253165,5.45757861091271e-08,-0.0287241512618947,-4.952760824840082,True
VPHAS J180248.8-241547.5,270.70348,-24.2632,?,,1.0,,,19.991,18.345,17.299,17.724,G7,3.693,1.249,1.128,1.24,7.24,-8.529,0.3,0.339,17378008.28749376,2.9580124665515463e-09,0.0523090996473234,-5.611958742675396,True
EPIC224331438,271.05457,-24.43709,y,y,1.0,S,,18.798,16.927,16.094,15.889,M0.25,1.436,1.943,0.403,3.347,5.01,-7.155,0.144,0.117,102329.29922807535,6.998419960022731e-08,-0.3946949538588905,-4.646709663906592,True
EPIC224384916,271.1215,-24.34064,y,n*,2.0,MP,,17.848,16.245,15.384,15.842,K8,1.122,2.098,0.555,3.007,5.51,-8.878,0.583,,323593.6569296281,1.3243415351946643e-09,-0.2557070168773237,-6.322117296816502,True
EPIC224375369,271.06583,-24.35767,y,?,2.0,,19.466,17.164,15.817,15.194,15.469,K1.5,1.77,2.874,1.666,2.237,6.42,-8.854,0.421,,2630267.9918953814,1.3995873225726204e-09,0.2216749970707687,-6.466567940822193,True
05354413-0448048,83.93388366699219,-4.801342010498047,,,,,,,,,,,1.402999997138977,0.5470159698008789,0.503000020980835,1.7353641540877724,6.09933526714211,-8.603800655698588,,,1256999.9694824207,2.489999983978916e-09,-0.2984319968290415,-5.757072699032326,True
05361475-0613169,84.06148529052734,-6.221367835998535,,,,,,,,,,,0.4230000078678131,0.2355049170123209,0.4110000133514404,1.2653796589158437,6.429106025911254,-8.870632418456857,,,2686000.1087188697,1.3469999560200534e-09,-0.3861581640157634,-5.788624768548474,True
05381315-0245509,84.55481719970703,-2.764166116714478,,,,,,,,,,,0.6629999876022339,0.4335108729137957,0.4480000138282776,1.632167801565525,6.137354104729435,-7.964170174331993,,,1371999.979019166,1.0860000010382004e-08,-0.3487219725966226,-5.044654993025258,True
WFI17023,271.08342,-24.39894,y,y*,1.0,QPS,,,19.199,17.838,18.309,,,0.149,0.405,1.02,6.69,-9.32,0.072,,4897788.193684466,4.78630092322638e-10,-0.3925449767853314,-6.123475262242094,True
05454612-0044407,86.44220733642578,-0.7446399927139282,,,,,,,,,,,1.3020000457763672,0.2728977716889368,0.3529999852180481,1.4264650080182115,6.216693587350538,-8.688246150050924,,,1646999.955177306,2.049999947573153e-09,-0.4522253127983539,-5.6184765141912845,True
2MASS J18024882-2421085,270.70346,-24.35241,?,y,2.0,,20.021,17.627,16.273,15.523,15.731,G9.75,1.899,1.909,1.427,1.64,6.88,-8.89,0.36,,7585775.7502918355,1.288249551693132e-09,0.1544239731146469,-6.23701968027142,True
05350460-0458289,83.76920318603516,-4.97471809387207,,,,,,,,,,,2.7330000400543213,0.2172701240887653,0.7559999823570251,0.990288101701292,7.10452124298104,-9.335734192121455,,,12720999.717712397,4.6160000821693504e-10,-0.1214782146340404,-6.27687293503598,True
WFI19339,271.09201,-24.37712,y,n*,1.0,,,19.494,17.811,16.866,17.091,K6.25,1.57,0.572,0.941,1.408,6.68,-8.77,0.376,0.476,4786300.923226381,1.698243652461746e-09,-0.0264103765727431,-5.9937162155685275,True
05355077-0516291,83.96155548095703,-5.274771213531494,,,,,,,,,,,0.8510000109672546,0.9705099666461012,0.7519999742507935,1.919396016341423,6.137670545381503,-8.782252925848734,,,1373000.0257492068,1.651000003377587e-09,-0.1237821742790206,-6.11826266776427,True
EPIC224493585,270.599,-24.147,?,y,1.0,QPS,19.413,17.624,16.234,15.436,15.735,G9,2.222,2.582,1.548,1.87,6.78,-8.217,0.271,0.194,6025595.860743581,6.067363295885047e-09,0.1897709563468738,-5.645305028369567,True
WFI19328,271.09127,-24.37723,y,?,1.0,,,18.261,16.643,15.806,16.088,K8,0.922,1.202,0.602,2.276,5.83,-8.515,0.243,,676082.9753919819,3.054921113215509e-09,-0.2204035087421754,-5.8676837445672785,True
05381315-0245509,84.55481719970703,-2.764166116714478,,,,,,,,,,,0.6629999876022339,0.4335108729137957,0.4480000138282776,1.632167801565525,6.137354104729435,-7.964170174331993,,,1371999.979019166,1.0860000010382004e-08,-0.3487219725966226,-5.044654993025258,True
WFI19318,271.15097,-24.37737,y,,1.0,,20.174,19.093,17.711,16.883,17.067,G6.75,2.553,0.866,0.982,1.028,7.43,-8.636,0.372,,26915348.039269134,2.312064790175599e-09,-0.0078885122130503,-5.572428842135751,True
WFI16133,271.05046,-24.40842,?,,1.0,,,18.617,17.243,16.46,16.728,G9,2.146,0.957,1.053,1.139,7.29,-8.941,0.457,,19498445.997580454,1.1455129414455335e-09,0.0224283711854864,-5.9694419504214284,True
2MASS J18025245-2418444,270.71859,-24.31234,y,y,1.0,,16.506,15.286,14.101,13.595,13.426,K4.75,0.0,4.166,0.936,3.453,5.54,-7.263,0.176,0.295,346736.85045253165,5.45757861091271e-08,-0.0287241512618947,-4.952760824840082,True
VPHAS J180502.6-242443.7,271.26066,-24.41214,?,y,1.0,,,19.606,17.964,16.969,17.027,G9.5,3.226,1.213,1.177,1.299,7.14,-7.67,0.435,0.387,13803842.64602884,2.1379620895022325e-08,0.0707764628434347,-4.815059581896188,True
GES J18034300-2420123,270.92918,-24.33675,y,n*,1.0,,,18.318,16.748,15.841,16.046,K1.75,2.606,2.46,1.596,2.104,6.48,-8.147,0.212,,3019951.720402019,7.1285303012651914e-09,0.2030328870147106,-5.7137132065163705,True
SCB649,271.11758,-24.42997,y,y,1.0,QPS,19.126,17.716,16.396,15.745,15.782,K3.75,0.995,1.067,1.196,1.635,6.6,-8.784,0.192,0.254,3981071.7055349695,1.644371723214929e-09,0.077731179652392,-6.1589675841346025,True
05343822-0524236,83.65925598144531,-5.406582832336426,,,,,,,,,,,0.9570000171661376,0.2275097395800606,0.2899999916553497,1.385328428651371,6.174641194045651,-8.634886565720098,,,1495000.004768372,2.318000014156497e-09,-0.5376020145977185,-5.48537064585361,True
WFI33389,271.13225,-24.24843,y,n*,0.0,,,19.064,17.331,16.23,16.89,M0.25,1.43,1.405,0.417,2.846,5.47,-8.61,0.437,,295120.9226666384,2.4547089156850333e-09,-0.3798639450262425,-5.929451624541981,True
WFI27870,271.05737,-24.29087,y,n*,1.0,,,18.816,17.096,16.163,16.466,K7.75,1.584,1.351,0.614,2.376,5.78,-8.257,0.243,0.274,602559.5860743581,5.5335010921573715e-09,-0.2118316288588323,-5.639981994351351,True
VPHAS J180400.1-243318.0,271.00046,-24.55498,?,,1.0,,,19.429,17.997,17.381,17.09,K5,0.742,0.214,0.759,0.795,7.57,-8.847,0.418,0.362,37153522.90971728,1.4223287871228214e-09,-0.1197582241045196,-5.598726979076644,True
05351852-0513383,83.8271713256836,-5.227320194244385,,,,,,,,,,,5.132999897003174,2.21819634795336,0.460999995470047,3.3559440899478057,5.143014795784575,-7.202109511723921,,,138999.99856948844,6.279000075437585e-08,-0.3362990788778868,-4.705504172560568,True
EPIC224374036,271.06933,-24.36,y,y,2.0,QPD,19.391,17.202,15.769,15.023,15.332,K6.75,0.247,1.308,0.729,2.198,5.95,-9.059,0.539,,891250.9381337459,8.72971368388113e-10,-0.1372724716820254,-6.45683207045858,True
VPHAS J180307.3-241933.9,270.78042,-24.32611,?,n,2.0,,,20.239,18.453,17.125,18.009,F3.5,5.936,7.35,1.572,2.012,7.0,-9.591,2.032,,10000000.0,2.5644840365177207e-10,0.1964525417033891,-6.9364530522962315,True
EPIC224390040,271.04575,-24.33136,y,n*,1.0,N,18.57,16.759,15.718,15.315,15.288,G9.25,1.399,2.243,1.495,1.754,6.83,-8.333,0.112,0.104,6760829.753919818,4.6451527522274935e-09,0.1746411926604484,-5.723553424791526,True
VPHAS J180250.4-241822.3,270.70993,-24.30619,?,y,1.0,,20.186,19.279,17.784,16.714,17.109,F4.5,4.484,4.008,1.344,1.531,7.2,-7.653,0.365,0.552,15848931.924611142,2.223309890651405e-08,0.1283992687178064,-4.838883632632192,True
05353217-0511579,83.88407135009766,-5.199440956115723,,,,,,,,,,,2.2790000438690186,0.3372873064369048,0.2790000140666961,1.6952320880330616,5.95036486389473,-8.672845469817474,,,892000.0195503241,2.124000086922708e-09,-0.5543957748300284,-5.596446623186445,True
VPHAS J180404.2-241743.1,271.01748,-24.29529,y,?,1.0,,19.999,19.261,17.818,16.704,16.826,A8,5.308,8.745,1.743,1.703,7.0,-6.4,0.125,0.121,10000000.0,3.981071705534969e-07,0.2412973871099932,-3.796421399508192,True
05343371-0540227,83.64049530029297,-5.672987937927246,,,,,,,,,,,1.7929999828338623,0.2697739396900861,0.2360000014305114,1.5915528648716724,5.950851462135163,-8.604673609802896,,,893000.0066757209,2.4849999835652203e-09,-0.6270879943974222,-5.445456472042284,True
WFI19318,271.15097,-24.37737,y,,1.0,,20.174,19.093,17.711,16.883,17.067,G6.75,2.553,0.866,0.982,1.028,7.43,-8.636,0.372,,26915348.039269134,2.312064790175599e-09,-0.0078885122130503,-5.572428842135751,True
05353333-0451113,83.888916015625,-4.853157997131348,,,,,,,,,,,1.3919999599456787,0.2612161328586812,0.402999997138977,1.337916669435967,6.348694212161916,-9.007446475664317,,,2232000.112533572,9.830000147203974e-10,-0.3946949569420829,-5.948795075937149,True
WFI16726,271.14001,-24.40185,y,n*,1.0,,,19.895,18.162,17.089,17.377,G9.5,3.635,1.421,1.269,1.406,7.05,-8.061,0.209,0.26,11220184.54301963,8.689604292863021e-09,0.1034616220947047,-5.2802084593146486,True
SCB166,270.92902,-24.36933,y,n,1.0,,,16.847,15.221,14.438,14.239,K5,1.615,5.705,0.902,4.11,5.36,-6.558,0.331,0.282,229086.76527677747,2.766941645411513e-07,-0.0447934624580582,-4.303498480837067,True
05365186-0508358,84.21609497070312,-5.143281936645508,,,,,,,,,,,0.0430000014603138,0.3483373115938737,0.5220000147819519,1.403234174185633,6.398634315606492,-9.217384082939493,,,2503999.9485015874,6.061999791029388e-10,-0.2823294846994235,-6.265910238772886,True
05371885-0020416,84.32854461669922,-0.3449060022830963,,,,,,,,,,,0.6430000066757202,0.9462371609112616,1.0829999446868896,1.6359685411268188,6.540454608182483,-8.677160728063871,,,3470999.9561309787,2.1029999963673167e-09,0.0346284344441761,-6.027620118861723,True
SCB142,270.91784,-24.38891,y,n,2.0,,16.649,14.932,13.8,13.271,13.319,K2.25,0.543,6.941,1.686,3.686,5.77,-7.366,0.333,0.266,588843.6553555884,4.30526610491711e-08,0.2268575702887235,-5.251684777054441,True
05354600-0057522,83.94170379638672,-0.9645050168037416,,,,,,,,,,,0.3899999856948852,0.6280583486419867,0.6460000276565552,1.6856409568779225,6.243781921291662,-8.48758245695467,,,1753000.020980835,3.253999958374724e-09,-0.1897674634118988,-5.704972430841511,True
GES J18041539-2428262,271.06414,-24.47393,y,n,1.0,,,19.122,17.424,16.52,16.851,K5,2.095,1.135,1.002,1.833,6.33,-8.758,0.426,,2137962.0895022326,1.7458221529205075e-09,0.0008677215312269,-6.1566103410106,True
05454612-0044407,86.44220733642578,-0.7446399927139282,,,,,,,,,,,1.3020000457763672,0.2728977716889368,0.3529999852180481,1.4264650080182115,6.216693587350538,-8.688246150050924,,,1646999.955177306,2.049999947573153e-09,-0.4522253127983539,-5.6184765141912845,True
05345156-0525129,83.71485137939453,-5.420277118682861,,,,,,,,,,,1.6089999675750732,1.2133888473008831,0.5350000262260437,2.3947935888194984,5.736396515575855,-8.067983098230625,,,545000.0166893001,8.550999908152341e-09,-0.2716461966893775,-5.400909097906466,True
WFI16230,271.18763,-24.40718,y,n*,1.0,,,19.55,17.713,16.531,16.943,M1.5,1.415,1.218,0.339,2.906,5.11,-8.059,0.22,0.551,128824.95516931349,8.729713683881131e-09,-0.4698003017969178,-5.424237001223421,True
05345201-0524187,83.71674346923828,-5.405220985412598,,,,,,,,,,,1.7280000448226929,0.2937649616481951,0.3379999995231628,1.498861563965303,6.143951118505248,-8.323489270031907,,,1393000.0066757216,4.748000215215595e-09,-0.471083300335031,-5.262192340412732,True
SCB268,270.97625,-24.3847,y,n,1.0,,13.078,12.285,12.243,12.215,12.187,A2,0.431,32.617,1.758,2.402,6.72,-7.055,0.228,,5248074.602497723,8.810488730080147e-08,0.245018870737753,-4.570764039117725,True
EPIC224367284,271.05058,-24.37217,y,n*,1.0,QPD,19.671,17.79,16.408,15.74,15.954,K5,0.769,1.022,0.944,1.795,6.33,-8.786,0.114,0.427,2137962.0895022326,1.6368165214278103e-09,-0.025028005701931,-6.1551785879304255,True
EPIC224377862,271.11829,-24.35325,y,n,2.0,QPD,19.211,16.782,15.259,14.549,14.898,K6.75,1.217,4.933,0.662,4.268,5.07,-8.249,0.499,,117489.75549395304,5.6363765582595375e-09,-0.1791420105603,-5.9610289945680055,True
WFI16191,271.07622,-24.40772,y,n*,1.0,,,19.135,17.635,16.79,17.16,K9.75,0.409,0.414,0.543,1.493,6.32,-9.211,0.52,,2089296.1308540408,6.151768727098676e-10,-0.265200170411153,-6.311322423599193,True
05341262-0450247,83.55261993408203,-4.840205192565918,,,,,,,,,,,0.7760000228881836,2.202926436447525,0.8159999847412109,2.6765556181578085,5.764176110291466,-8.28827711718734,,,580999.9704360963,5.148999893123111e-09,-0.088309849367227,-5.818153102906342,True
EPIC224392324,270.92575,-24.32717,y,y,1.0,QPS,15.736,14.671,14.142,13.923,13.873,F1.25,1.311,9.046,1.609,1.993,7.0,-7.569,0.164,0.929,10000000.0,2.6977394324449205e-08,0.2065560440990295,-4.925936174012648,True
WFI16675,271.05373,-24.40243,y,n*,1.0,,,20.077,18.223,16.884,17.532,M2.25,1.334,0.838,0.3,2.556,5.24,-8.524,0.648,,173780.08287493762,2.9922646366081953e-09,-0.5228787452803376,-5.775465451512776,True
05373094-0223427,84.37895202636719,-2.395213842391968,,,,,,,,,,,-0.4199999868869781,0.1037528350885737,0.3610000014305115,0.8851084406506708,6.823474219220139,-8.93479385260972,,,6659999.847412109,1.1620000517353907e-09,-0.4424927963733913,-5.626627357944473,True
2MASS J18035008-2423230,270.95869,-24.38973,y,,1.0,,,19.391,17.998,17.231,17.105,K1.25,1.906,0.421,0.83,0.842,7.6,-8.669,0.239,0.533,39810717.05534969,2.1428906011200563e-09,-0.0809219076239261,-5.452532806109421,True
05361475-0613169,84.06148529052734,-6.221367835998535,,,,,,,,,,,0.4230000078678131,0.2355049170123209,0.4110000133514404,1.2653796589158437,6.429106025911254,-8.870632418456857,,,2686000.1087188697,1.3469999560200534e-09,-0.3861581640157634,-5.788624768548474,True
SCB687,271.1304,-24.53902,?,,2.0,,14.425,13.216,13.071,13.024,13.071,A6.5,0.0,8.869,1.67,1.586,7.1,-7.535,0.103,,12589254.117941665,2.9174270140011658e-08,0.2227164711475832,-4.869191502047437,True
05343614-0605346,83.65060424804688,-6.092970848083496,,,,,,,,,,,0.0480000004172325,0.2618182904731396,0.3729999959468841,1.3733978021449569,6.28420507329876,-8.715343711319152,,,1924000.024795531,1.926000026131192e-09,-0.4282911729104702,-5.645021213514214,True
WFI25221,271.15772,-24.32229,y,y*,1.0,,,19.536,17.929,16.887,17.191,M1.25,0.767,0.569,0.389,1.95,5.89,-8.81,0.201,0.742,776247.1166286912,1.5488166189124795e-09,-0.4100503986742922,-5.922473763485556,True
WFI22030,271.01557,-24.35148,y,n*,1.0,,,18.528,17.018,16.343,16.104,K8.25,0.783,0.81,0.624,1.898,6.07,-8.198,0.226,0.306,1174897.5549395303,6.338697112569263e-09,-0.204815410317576,-5.469732097031766,True
2MASS J18031881-2422503,270.82837,-24.3807,?,n,2.0,,16.331,15.099,14.469,14.205,14.36,G2.75,0.0,2.086,1.265,1.477,7.13,-8.089,0.019,,13489628.825916532,8.147042840208388e-09,0.1020905255118366,-5.273760714948567,True
WFI17034,271.06179,-24.39888,y,,1.0,,,19.571,17.996,17.082,17.265,M0.5,0.372,0.321,0.484,1.385,6.37,-9.144,0.275,1.063,2344228.8153199228,7.177942912713614e-10,-0.3151546383555875,-6.166990850415223,True
05342572-0456554,83.6072006225586,-4.948729038238525,,,,,,,,,,,1.366000056266785,0.7550922252818875,0.746999979019165,1.7309993884617083,6.276461800886137,-8.894149335025721,,,1889999.9856948864,1.275999972349951e-09,-0.1266794103825409,-6.169806667395278,True
EPIC224327883,270.98263,-24.44344,y,y,1.0,QPS,13.975,12.995,12.848,12.766,12.77,A3.75,0.635,20.429,1.917,2.144,6.83,-7.194,0.148,,6760829.753919818,6.397348354826483e-08,0.2826221128780626,-4.707278990773915,True
05395465-0246341,84.97772979736328,-2.7761390209198,,,,,,,,,,,0.9710000157356262,1.3091819190464828,0.5289999842643738,2.4876938434082163,5.693726938233895,-7.815308583671066,,,493999.98784065264,1.5299999489570837e-08,-0.2765443408833317,-5.160209828379852,True
WFI19208,271.05444,-24.37861,y,n,0.0,QPS,20.029,17.93,16.593,16.01,16.218,K5,0.444,0.614,1.048,1.348,6.82,-8.097,0.15,0.89,6606934.480075965,7.998342550070293e-09,0.0203612826477078,-5.316317984101891,True
05353070-0518071,83.8779296875,-5.301982879638672,,,,,,,,,,,2.602999925613404,0.4602565604424525,0.3199999928474426,1.889238162191864,5.880813586831113,-7.729554097435796,,,759999.990463256,1.8639999765923686e-08,-0.4948500313873322,-4.749425653539996,True
05372168-0040399,84.34037017822266,-0.6777639985084534,,,,,,,,,,,0.4090000092983246,0.1541700535892966,0.3260000050067901,1.1087851667898294,6.488973516934689,-9.432738303055691,,,3082999.9446868924,3.6920000390239435e-10,-0.486782393262057,-6.211753731120928,True
WFI15451,271.10985,-24.41564,y,y,1.0,,,18.766,17.149,16.345,16.698,M1,0.622,0.963,0.388,2.49,5.65,-9.195,0.765,,446683.5921509635,6.382634861905483e-10,-0.4111682744057927,-6.404871522670449,True
SCB749,271.15462,-24.40483,y,y,2.0,P,19.357,17.225,15.988,15.443,15.734,G6.25,2.826,5.722,1.991,2.617,6.53,-8.196,0.16,0.237,3388441.5613920274,6.367955209079162e-09,0.2990712600274096,-5.851309595418044,True
WFI31634,271.0236,-24.26095,y,y*,1.0,,19.666,17.902,16.625,15.982,16.183,K0,2.204,1.894,1.422,1.645,6.87,-8.457,0.415,0.411,7413102.413009177,3.491403154785855e-09,0.1528995963937474,-5.806398330315611,True
EPIC224422316,271.09092,-24.27392,y,y,1.0,QPS,18.883,16.936,15.516,14.822,15.073,K2.75,2.035,5.39,1.413,3.414,5.76,-7.711,0.207,0.161,575439.9373371566,1.9453600816226612e-08,0.1501421618485586,-5.513605163676265,True
WFI25554,271.09075,-24.31814,y,y*,1.0,APD,,,18.335,17.217,17.613,M1,1.453,0.987,0.382,2.525,5.63,-8.521,0.154,0.356,426579.5188015926,3.0130060241861156e-09,-0.4179366370882912,-5.731401306005148,True
EPIC224377629,271.06508,-24.35369,y,n,1.0,P,,17.867,16.285,15.564,15.858,M0.25,0.329,1.418,0.416,2.859,5.46,-8.982,0.513,,288403.1503126605,1.0423174293933055e-09,-0.3809066693732573,-6.304377695927578,True
05350249-0533099,83.76040649414062,-5.552763938903809,,,,,,,,,,,0.324999988079071,0.3435579584618176,0.2919999957084656,1.6880380232205243,5.970346883325177,-8.705974909171294,,,934000.0152587892,1.967999985197366e-09,-0.5346171549344233,-5.6438404612345,True
WFI31670,271.18433,-24.26057,y,n*,1.0,,,18.485,16.943,16.138,16.433,K5.25,1.366,0.988,0.988,1.737,6.4,-8.963,0.19,0.261,2511886.4315095823,1.0889300933334356e-09,-0.0052430554123718,-6.325886897770324,True
EPIC224369041,270.955,-24.369,y,y,1.0,P,,17.549,16.448,15.765,15.982,F9.25,2.172,1.983,1.147,1.311,7.3,-8.455,0.214,0.446,19952623.149688788,3.5075187395256794e-09,0.0595634179012676,-5.5215365582576705,True
05343005-0449506,83.625244140625,-4.83073902130127,,,,,,,,,,,0.625,0.4508167191433074,0.5450000166893005,1.5500782151626695,6.281260690089265,-7.971835580792827,,,1911000.0133514395,1.066999999466133e-08,-0.2636034844241446,-5.089899136692272,True
WFI13966,271.07745,-24.43644,y,n,1.0,,,19.933,18.335,17.184,17.344,F4.75,4.896,3.39,1.338,1.419,7.23,-7.438,0.27,0.299,16982436.52461746,3.64753946925608e-08,0.1264561134318043,-4.609341607257965,True
05354987-0518308,83.95781707763672,-5.308582782745361,,,,,,,,,,,2.901000022888184,0.3334264142275879,0.3379999995231628,1.592111510347152,6.078456801458615,-8.20655886212091,,,1197999.9542236335,6.215000070142201e-09,-0.471083300335031,-5.172187814032242,True
EPIC224345916,271.06825,-24.41083,y,y,1.0,S,19.236,17.371,15.868,15.123,15.333,K8,0.621,1.945,0.558,2.896,5.55,-8.034,0.157,0.381,354813.3892335753,9.24698173938221e-09,-0.2533658010624212,-5.464333489205025,True
2MASS J18031901-2428067,270.82927,-24.46854,y,n,1.0,,,19.411,17.67,16.533,16.955,G6.25,4.215,3.589,1.666,2.073,6.76,-7.79,0.11,0.43,5754399.373371567,1.6218100973589297e-08,0.2216749970707687,-5.262787878471839,True
WFI19285,270.98461,-24.3777,y,,1.0,,,18.449,16.918,16.219,15.965,K7.75,1.529,1.631,0.597,2.61,5.67,-7.659,0.317,1.112,467735.1412871981,2.1928049353504497e-08,-0.2240256688706309,-5.073345836338501,True
2MASS J18032950-2413209,270.87293,-24.22248,?,n,2.0,,15.058,13.923,13.406,13.186,13.286,F9.25,0.123,6.218,1.671,2.321,6.85,-7.621,0.056,,7079457.843841373,2.393315756405385e-08,0.2229764498933913,-5.058266438143066,True
VPHAS J180243.3-241743.2,270.68045,-24.29534,y,,1.0,,18.625,17.764,16.58,15.916,16.023,G6.5,1.703,1.208,1.167,1.208,7.19,-8.649,0.263,0.595,15488166.189124828,2.2438819237827707e-09,0.0670708560453701,-5.769292088077261,True
05344789-0530465,83.6995620727539,-5.512937068939209,,,,,,,,,,,0.9589999914169312,0.4456562371433297,0.4449999928474426,1.6575445216628284,6.116275601206823,-8.675923402616585,,,1307000.041007996,2.109000085681602e-09,-0.3516399959995543,-5.761757494471989,True
EPIC224433745,271.05583,-24.25381,y,n,1.0,QPS,,17.94,16.328,15.56,15.892,K7.75,0.996,1.665,0.593,2.638,5.66,-8.684,0.25,0.342,457088.1896148752,2.070141348791045e-09,-0.2269453066357374,-6.099138704366773,True
05353733-0623263,83.90555572509766,-6.390665054321289,,,,,,,,,,,0.7210000157356262,0.2630268092972728,0.4169999957084656,1.3278412516396387,6.373279891173302,-8.838033394191855,,,2361999.9885559096,1.451999964707793e-09,-0.3798639494957622,-5.786130544512759,True
EPIC224382910,271.12125,-24.34417,y,y*,2.0,P,20.201,17.842,16.235,15.436,15.823,K7.75,1.002,1.827,0.587,2.763,5.61,-8.533,0.195,,407380.27780411305,2.930893245250324e-09,-0.2313618987523855,-5.9636749242085845,True
2MASS J18031508-2416020,270.81285,-24.26722,?,y,1.0,,,19.441,17.768,16.873,17.136,K5,2.016,0.776,1.057,1.516,6.63,-8.82,0.05,0.133,4265795.188015926,1.513561248436207e-09,0.0240749873074262,-6.121651177796225,True
WFI25832,271.12492,-24.31419,y,n*,2.0,S,,,19.325,18.007,18.736,M2,1.69,0.456,0.339,1.852,5.91,-9.318,0.985,,812830.5161640996,4.80839348449729e-10,-0.4698003017969178,-6.354342736869646,True
05353066-0527167,83.87776184082031,-5.454649925231934,,,,,,,,,,,1.1619999408721924,0.3881503540578086,0.3370000123977661,1.7138234304492546,5.996511665056413,-8.639406567315842,,,991999.9837875372,2.294000100988572e-09,-0.4723700831515655,-5.637262134684304,True
2MASS J18025381-2420194,270.72425,-24.33876,y,y*,1.0,,17.49,16.246,15.131,14.586,14.597,K0,0.788,2.168,1.469,1.76,6.8,-8.26,0.27,0.261,6309573.44480193,5.495408738576248e-09,0.1670217957902565,-5.654227144698083,True
SCB614,271.10532,-24.38083,y,y*,1.0,,,16.868,15.573,14.941,15.215,K3.5,0.928,2.11,1.202,2.262,6.16,-8.968,0.355,,1445439.770745928,1.0764652136298347e-09,0.0799044676667207,-6.526329477025195,True
05354764-0537388,83.94853973388672,-5.627448081970215,,,,,,,,,,,1.7450000047683716,0.215278175599735,0.2259999960660934,1.4406305873872145,6.043362285517518,-8.036684494653105,,,1105000.0190734856,9.189999872205606e-09,-0.6458915684122183,-4.8180633317721595,True
05352016-0526390,83.83402252197266,-5.444180965423584,,,,,,,,,,,1.2419999837875366,3.026913471305821,0.6729999780654907,3.3356317179731576,5.463893001795459,-7.20859008581244,,,291000.0085830689,6.185999978924887e-08,-0.1719849499306093,-4.766816991445989,True
WFI25346,271.09817,-24.32103,y,y*,1.0,QPD,,,18.964,17.413,17.937,M4.75,0.0,0.288,0.159,1.841,5.19,-8.608,0.302,0.309,154881.66189124828,2.466039337234336e-09,-0.7986028756795485,-5.56664746281558,True
WFI16191,271.07622,-24.40772,y,n*,1.0,,,19.135,17.635,16.79,17.16,K9.75,0.409,0.414,0.543,1.493,6.32,-9.211,0.52,,2089296.1308540408,6.151768727098676e-10,-0.265200170411153,-6.311322423599193,True
VPHAS J180317.5-241801.5,270.82296,-24.30042,?,,1.0,,,19.507,17.945,17.234,17.295,K5,1.282,0.35,0.941,1.019,7.18,-9.288,0.341,,15135612.484362071,5.15228644581756e-10,-0.0264103765727431,-6.306157300347419,True
WFI28153,271.08507,-24.28809,y,,1.0,,,19.277,17.529,16.367,16.787,M0.75,1.401,1.254,0.388,2.789,5.42,-8.126,0.153,0.402,263026.7991895382,7.481695005111553e-09,-0.4111682744057927,-5.430428623672159,True
WFI26045,271.07467,-24.31175,y,n*,1.0,P,,,18.536,17.465,17.524,M0.75,2.343,0.838,0.408,2.284,5.74,-7.824,0.2,0.22,549540.8738576248,1.499684835502374e-08,-0.3893398369101201,-5.021679998467922,True
SCB575,271.09231,-24.25139,y,,2.0,,19.056,17.296,16.149,15.597,15.88,K1.75,0.726,0.892,1.146,1.267,7.08,-8.999,0.073,,12022644.34617413,1.0023052380778983e-09,0.0591846176313711,-6.155551956030521,True
EPIC224331438,271.05457,-24.43709,y,y,1.0,S,,18.798,16.927,16.094,15.889,M0.25,1.436,1.943,0.403,3.347,5.01,-7.155,0.144,0.117,102329.29922807535,6.998419960022731e-08,-0.3946949538588905,-4.646709663906592,True
EPIC224467724,271.091,-24.19378,y,y,2.0,QPS,16.287,14.904,14.082,13.701,13.865,G5,0.29,3.709,1.635,2.061,6.79,-8.133,0.056,,6165950.018614822,7.362070974947376e-09,0.2135177569963048,-5.584183243599659,True
05351852-0513383,83.8271713256836,-5.227320194244385,,,,,,,,,,,5.132999897003174,2.21819634795336,0.460999995470047,3.3559440899478057,5.143014795784575,-7.202109511723921,,,138999.99856948844,6.279000075437585e-08,-0.3362990788778868,-4.705504172560568,True
WFI14041,271.08089,-24.43534,y,,1.0,,,19.18,17.546,16.667,17.088,K5,1.887,0.858,1.048,1.594,6.55,-9.334,0.863,,3548133.892335753,4.634469197362884e-10,0.0203612826477078,-6.664319798321291,True
WFI18509,271.08857,-24.38547,y,y,1.0,,,19.551,17.77,16.666,17.107,K0,3.746,2.244,1.487,1.79,6.79,-8.176,0.316,,6165950.018614822,6.668067692136219e-09,0.1723109685219542,-5.580349724977671,True
WFI17329,271.11291,-24.39623,y,n,1.0,,,19.386,17.864,17.044,17.179,K3.75,1.891,0.582,1.052,1.208,7.04,-8.804,0.303,0.504,10964781.961431852,1.5703628043335515e-09,0.0220157398177202,-5.934752432419911,True
05355462-0527075,83.97761535644531,-5.452099800109863,,,,,,,,,,,0.6019999980926514,0.3523708636916064,0.4690000116825104,1.4621342936089683,6.297103648686477,-9.131003101998528,,,1981999.993324278,7.395999923609506e-10,-0.3288271464669002,-6.168423471971529,True
EPIC224359310,271.25667,-24.38669,y,n,1.0,N,16.327,14.918,14.155,13.842,13.943,G3.75,0.649,4.866,1.782,2.301,6.71,-8.166,0.058,0.652,5128613.839913649,6.82338694141669e-09,0.2509076997008559,-5.692568157860272,True
EPIC224368354,271.11421,-24.37033,y,n,1.0,S,,18.43,16.672,15.732,16.182,K5,2.324,2.735,0.898,2.846,5.73,-8.225,0.4,0.723,537031.7963702533,5.956621435290109e-09,-0.0467236633326956,-5.8161911164308595,True
SCB280,270.98428,-24.37444,?,n*,1.0,P,17.849,16.528,15.78,15.489,15.248,G3.75,0.982,1.489,1.137,1.273,7.26,-8.101,0.137,0.184,18197008.586099826,7.925013304804703e-09,0.0557604646877347,-5.179659030244272,True
WFI18941,271.14551,-24.3811,y,y,1.0,,,18.786,17.187,16.325,16.662,K5.75,1.404,0.847,0.941,1.659,6.44,-9.184,0.388,,2754228.703338169,6.54636174067276e-10,-0.0264103765727431,-6.50638449487466,True
05341320-0533535,83.55500793457031,-5.564878940582275,,,,,,,,,,,0.1379999965429306,0.192752502958973,0.4930000007152557,1.0879215216604317,6.714078168822,-8.386686849593922,,,5177000.045776368,4.1049998955600156e-09,-0.3071530800926856,-5.277315189751157,True
WFI19044,271.12283,-24.38012,y,n*,2.0,,20.062,18.157,16.971,16.414,16.512,K2.75,0.623,0.422,0.897,0.955,7.4,-9.582,0.613,,25118864.315095823,2.618183008218981e-10,-0.0472075569559079,-6.4860743709621165,True
WFI15993,271.24432,-24.41009,y,y,1.0,,19.404,17.388,15.945,15.072,15.158,G7.25,2.761,5.244,1.956,2.552,6.52,-7.308,0.094,0.093,3311311.214825908,4.9203953568145116e-08,0.2913688504515826,-4.958666610739631,True
05355077-0516291,83.96155548095703,-5.274771213531494,,,,,,,,,,,0.8510000109672546,0.9705099666461012,0.7519999742507935,1.919396016341423,6.137670545381503,-8.782252925848734,,,1373000.0257492068,1.651000003377587e-09,-0.1237821742790206,-6.11826266776427,True
2MASS J18024882-2421085,270.70346,-24.35241,?,y,2.0,,20.021,17.627,16.273,15.523,15.731,G9.75,1.899,1.909,1.427,1.64,6.88,-8.89,0.36,,7585775.7502918355,1.288249551693132e-09,0.1544239731146469,-6.23701968027142,True
WFI24293,271.10184,-24.33104,y,n*,1.0,QPS,,18.48,16.98,16.27,16.438,K7.75,0.571,0.645,0.717,1.642,6.32,-8.974,0.334,,2089296.1308540408,1.061695557198724e-09,-0.1444808443321999,-6.211525807198765,True
WFI21912,270.9827,-24.35254,y,?,1.0,,,18.706,17.304,16.559,16.472,K8.25,0.494,0.498,0.701,1.488,6.45,-8.593,0.152,0.225,2818382.931264455,2.552701302661247e-09,-0.1542819820333413,-5.765941019701474,True
WFI17986,271.08788,-24.39039,y,y,1.0,S,19.497,17.793,16.217,15.405,15.524,K8.5,0.804,1.745,0.526,2.828,5.56,-7.814,0.138,0.193,363078.054770101,1.5346169827992942e-08,-0.2790142558462609,-5.211071594981744,True
05384423-0240197,84.68429565429688,-2.67214298248291,,,,,,,,,,,0.1809999942779541,0.8452788472484717,0.6819999814033508,1.8740643940907304,6.126780572681571,-8.985479462613128,,,1338999.9866485598,1.0339999967357e-09,-0.1662156371857824,-6.277738572721905,True
SCB184,270.93833,-24.39032,y,y,1.0,,18.555,17.695,16.115,15.366,14.939,K5,1.423,2.136,0.914,2.515,5.89,-7.224,0.041,0.073,776247.1166286912,5.970352865838366e-08,-0.0390538042661685,-4.758129431306479,True
05292326-0125153,82.346923828125,-1.420920014381409,,,,,,,,,,,0.221000000834465,0.3191537914671736,0.550000011920929,1.326494081952554,6.498172650903617,-8.349109920681045,,,3148999.929428098,4.476000015074541e-09,-0.2596373010926768,-5.38250486205008,True
VPHAS J180247.3-241820.5,270.6972,-24.3057,?,?,1.0,,,20.025,18.445,17.414,17.569,G4.5,3.762,1.207,1.07,1.164,7.33,-8.047,0.063,0.078,21379620.895022325,8.974287945007472e-09,0.0293837776852096,-5.066902394870445,True
WFI22010,271.06174,-24.35165,y,n*,1.0,,,19.291,17.495,16.511,16.987,K5,2.524,1.519,0.954,2.121,6.12,-8.771,0.331,,1318256.7385564074,1.694337800447325e-09,-0.0204516252959049,-6.231714611163557,True
WFI20199,271.08638,-24.36881,y,,1.0,,,19.153,17.401,16.417,16.706,K4.75,2.519,1.626,0.987,2.157,6.11,-8.072,0.264,0.243,1288249.551693135,8.47227414140598e-09,-0.0056828473303632,-5.553611223700587,True
05352459-0511296,83.85249328613281,-5.19157600402832,,,,,,,,,,,4.651999950408936,0.8413951358713411,0.460999995470047,2.17040333278083,5.812244689461358,-7.6495581591686,,,648999.9890327451,2.2409999189676465e-08,-0.3362990788778868,-4.877820478049771,True
WFI15936,271.07584,-24.41072,y,n*,1.0,,,19.842,18.235,16.994,17.269,M2.5,0.651,0.517,0.296,2.045,5.79,-8.36,0.365,0.865,616595.0018614822,4.365158322401665e-09,-0.5287082889410615,-5.378725084960104,True
SCB423,271.04471,-24.33981,y,n*,2.0,MP/P,17.368,15.809,14.773,14.262,14.607,G8.25,0.791,2.994,1.586,1.97,6.76,-8.293,0.039,,5754399.373371567,5.0933087105719634e-09,0.200303182981585,-5.741497772637588,True
EPIC224329877,271.05801,-24.43988,y,y*,2.0,P,20.13,17.754,16.182,15.314,15.683,K7,0.759,1.405,0.688,2.315,5.86,-8.9,0.469,,724435.9600749906,1.2589254117941663e-09,-0.1624115617644887,-6.306260877028528,True
VPHAS J180403.3-243309.6,271.01363,-24.55266,?,,1.0,,,19.425,17.788,16.976,16.993,K5,1.716,0.586,1.044,1.318,6.85,-8.733,0.259,0.543,7079457.843841373,1.8492686189780759e-09,0.0187004986662433,-5.938096887444486,True
05334822-0513262,83.45092010498047,-5.223948001861572,,,,,,,,,,,1.1929999589920044,0.1749846571427898,0.3630000054836273,1.1409044317615908,6.504062870741302,-8.584859634115595,,,3191999.912261961,2.601000081980945e-09,-0.4400933684032564,-5.410735906606564,True
EPIC224316091,271.18975,-24.46481,?,n,1.0,N,18.786,17.278,15.975,15.343,15.366,K6.5,0.434,1.306,0.759,2.161,5.99,-8.195,0.285,0.253,977237.2209558112,6.382634861905482e-09,-0.1197582241045196,-5.596293151175351,True
05394017-0220480,84.91738891601562,-2.34667706489563,,,,,,,,,,,0.9240000247955322,0.9036494742183862,0.7730000019073486,1.843320393769002,6.205204356459935,-8.395449950671338,,,1603999.9723434458,4.023000155228827e-09,-0.1118205050100696,-5.717290357408933,True
WFI21912,270.9827,-24.35254,y,?,1.0,,,18.706,17.304,16.559,16.472,K8.25,0.494,0.498,0.701,1.488,6.45,-8.593,0.152,0.225,2818382.931264455,2.552701302661247e-09,-0.1542819820333413,-5.765941019701474,True
EPIC224422316,271.09092,-24.27392,y,y,1.0,QPS,18.883,16.936,15.516,14.822,15.073,K2.75,2.035,5.39,1.413,3.414,5.76,-7.711,0.207,0.161,575439.9373371566,1.9453600816226612e-08,0.1501421618485586,-5.513605163676265,True
SCB649,271.11758,-24.42997,y,y,1.0,QPS,19.126,17.716,16.396,15.745,15.782,K3.75,0.995,1.067,1.196,1.635,6.6,-8.784,0.192,0.254,3981071.7055349695,1.644371723214929e-09,0.077731179652392,-6.1589675841346025,True
WFI22435,271.08843,-24.34768,y,,1.0,,,19.132,17.458,16.595,16.971,K5,1.933,0.956,1.035,1.683,6.47,-9.226,0.533,,2951209.226666384,5.942921586155714e-10,0.0149403497929365,-6.5830480709953045,True
SCB893,271.07401,-24.28596,y,,1.0,,19.958,18.165,16.622,15.845,16.03,K7.75,0.883,1.175,0.629,2.216,5.88,-8.343,0.149,0.28,758577.5750291835,4.539416166502032e-09,-0.201349354554731,-5.6967838257138315,True
EPIC224385053,271.00279,-24.34033,y,n,2.0,P,16.346,14.932,14.11,13.724,13.853,G4.75,0.337,3.764,1.642,2.065,6.79,-8.72,0.317,0.326,6165950.018614822,1.9054607179632444e-09,0.2153731527834219,-6.173291991123172,True
05215741+0011423,80.48921203613281,0.1950929760932922,,,,,,,,,,,-0.2140000015497207,0.1541700535892966,0.4169999957084656,1.0274492285557817,6.706034641806693,-9.055024093964663,,,5081999.77874756,8.809999951786575e-10,-0.3798639494957622,-5.866319833135826,True
05341420-0542210,83.55918884277344,-5.705842971801758,,,,,,,,,,,1.6720000505447388,0.4518559456152196,0.625,1.4827366164138154,6.403463712468514,-8.415668789924172,,,2532000.064849853,3.839999873633809e-09,-0.2041199826559248,-5.551098396304624,True
EPIC224390040,271.04575,-24.33136,y,n*,1.0,N,18.57,16.759,15.718,15.315,15.288,G9.25,1.399,2.243,1.495,1.754,6.83,-8.333,0.112,0.104,6760829.753919818,4.6451527522274935e-09,0.1746411926604484,-5.723553424791526,True
SCB353,271.01745,-24.4756,?,n,2.0,,15.162,14.085,13.528,13.284,13.432,F6.75,0.541,7.811,1.636,2.355,6.91,-7.433,0.033,,8128305.161640995,3.6897759857015055e-08,0.2137832993353041,-4.835150905725836,True
GES J18034663-2421497,270.94429,-24.3638,y,y,1.0,,,18.358,17.1,16.198,16.42,F2.25,3.79,4.358,1.542,1.445,7.18,-7.714,0.365,1.413,15135612.484362071,1.9319683170169225e-08,0.1880843737149382,-4.97594101302792,True
05344789-0530465,83.6995620727539,-5.512937068939209,,,,,,,,,,,0.9589999914169312,0.4456562371433297,0.4449999928474426,1.6575445216628284,6.116275601206823,-8.675923402616585,,,1307000.041007996,2.109000085681602e-09,-0.3516399959995543,-5.761757494471989,True
05385922-0233514,84.74678039550781,-2.564279079437256,,,,,,,,,,,1.741000056266785,0.2642408702198117,0.3980000019073486,1.350637845771218,6.330413794638585,-8.47586361055068,,,2140000.1049041767,3.343000098965381e-09,-0.4001169258450283,-5.418565285134794,True
05291271-0010187,82.30296325683594,-0.1718810051679611,,,,,,,,,,,0.2000000029802322,0.2382319328111594,0.6539999842643738,1.1033818417808507,6.847387562092479,-9.361910283131182,,,7037000.17929077,4.34599994880713e-10,-0.1844222621251145,-6.337222296681499,True
05355077-0516291,83.96155548095703,-5.274771213531494,,,,,,,,,,,0.8510000109672546,0.9705099666461012,0.7519999742507935,1.919396016341423,6.137670545381503,-8.782252925848734,,,1373000.0257492068,1.651000003377587e-09,-0.1237821742790206,-6.11826266776427,True
05353178-0023065,83.88243103027344,-0.3851490020751953,,,,,,,,,,,1.1390000581741333,0.4130474988155993,0.414000004529953,1.642583692349844,6.10448709600874,-8.611898817735504,,,1271999.9551773062,2.443999891355023e-09,-0.3829996541270876,-5.666937598067938,True
SCB900,271.18405,-24.25694,y,y,1.0,,,18.112,16.337,15.33,15.775,K7.75,1.867,3.455,0.559,3.8,5.1,-7.671,0.216,0.197,125892.5411794166,2.133044913146575e-08,-0.2525881921135766,-5.287220303282615,True
EPIC224385053,271.00279,-24.34033,y,n,2.0,P,16.346,14.932,14.11,13.724,13.853,G4.75,0.337,3.764,1.642,2.065,6.79,-8.72,0.317,0.326,6165950.018614822,1.9054607179632444e-09,0.2153731527834219,-6.173291991123172,True
WFI28903,271.10013,-24.28161,y,,1.0,,,19.305,17.738,16.658,17.058,F9.75,4.968,6.667,1.738,2.448,6.79,-7.407,0.264,0.218,6165950.018614822,3.9174187710778315e-08,0.2400497721126476,-4.888338168796115,True
05303164+0203051,82.63187408447266,2.051433086395264,,,,,,,,,,,0.8149999976158142,0.4549880521571232,0.6179999709129333,1.4923759537750605,6.390581868777376,-8.47340228938264,,,2457999.9446868896,3.362000011719596e-09,-0.2090115453518845,-5.608568352556192,True
05413275-0157574,85.386474609375,-1.965950965881348,,,,,,,,,,,0.6629999876022339,0.3126079401446998,0.4979999959468841,1.3568702822104604,6.4207806179767415,-8.943476273852971,,,2634999.9904632545,1.1390000054234414e-09,-0.3027706607749127,-5.959665299420583,True
2MASS J18045276-2424284,271.21987,-24.40783,y,y*,1.0,,,19.761,17.838,16.815,17.088,K5,2.91,1.503,0.954,2.11,6.13,-7.906,0.244,0.376,1348962.8825916534,1.241652307592412e-08,-0.0204516252959049,-5.362603432859135,True
2MASS J18051076-2421428,271.29484,-24.36185,?,y,1.0,,20.46,18.637,17.017,16.214,16.494,K5,1.655,1.162,0.963,1.88,6.28,-8.873,0.251,0.365,1905460.7179632485,1.339676687425937e-09,-0.0163737128754655,-6.272570504031368,True
EPIC224342790,271.12888,-24.41656,y,y,1.0,QPS,,17.927,16.345,15.564,15.966,K2.5,3.246,6.953,1.565,3.781,5.7,-7.807,0.398,0.735,501187.2336272725,1.5595525028269523e-08,0.1945143418824672,-5.684703373537161,True
EPIC224422316,271.09092,-24.27392,y,y,1.0,QPS,18.883,16.936,15.516,14.822,15.073,K2.75,2.035,5.39,1.413,3.414,5.76,-7.711,0.207,0.161,575439.9373371566,1.9453600816226612e-08,0.1501421618485586,-5.513605163676265,True
WFI22435,271.08843,-24.34768,y,,1.0,,,19.132,17.458,16.595,16.971,K5,1.933,0.956,1.035,1.683,6.47,-9.226,0.533,,2951209.226666384,5.942921586155714e-10,0.0149403497929365,-6.5830480709953045,True
WFI22030,271.01557,-24.35148,y,n*,1.0,,,18.528,17.018,16.343,16.104,K8.25,0.783,0.81,0.624,1.898,6.07,-8.198,0.226,0.306,1174897.5549395303,6.338697112569263e-09,-0.204815410317576,-5.469732097031766,True
VPHAS J180413.7-241725.3,271.05696,-24.29036,y,n*,1.0,,,19.002,17.319,16.437,16.71,K5,2.004,1.156,0.998,1.85,6.32,-8.472,0.21,0.294,2089296.1308540408,3.372873086588692e-09,-0.0008694587126288,-5.872747129504202,True
SCB779,271.16927,-24.43051,?,,2.0,,18.965,17.002,15.936,15.377,15.741,G7,1.116,1.342,1.133,1.285,7.2,-8.757,0.064,,15848931.924611142,1.749846688624658e-09,0.0542299098633972,-5.8585865500956285,True
05352864-0447265,83.86934661865234,-4.790700912475586,,,,,,,,,,,1.8040000200271609,0.3515604436162873,0.3070000112056732,1.681535288844929,5.989004626318421,-8.129245065925149,,,975000.0238418567,7.425999815069408e-09,-0.5128616086708202,-5.084166323275995,True
WFI16916,271.1075,-24.3998,y,n*,2.0,,20.007,17.796,16.342,15.578,15.88,K8.75,0.204,0.976,0.552,2.148,5.86,-9.412,0.745,,724435.9600749906,3.872576449216165e-10,-0.2580609222708011,-6.709550728232482,True
05343614-0605346,83.65060424804688,-6.092970848083496,,,,,,,,,,,0.0480000004172325,0.2618182904731396,0.3729999959468841,1.3733978021449569,6.28420507329876,-8.715343711319152,,,1924000.024795531,1.926000026131192e-09,-0.4282911729104702,-5.645021213514214,True
05342792-0526346,83.61637115478516,-5.442958831787109,,,,,,,,,,,0.7549999952316284,0.4045758854785392,0.6629999876022339,1.3873581818131304,6.527114103518717,-8.977984242581815,,,3365999.937057498,1.0520000426339495e-09,-0.178486479716315,-6.091712690881289,True
SCB895,271.09458,-24.26808,y,n,1.0,,19.736,18.667,16.909,15.985,16.177,K5,2.281,2.115,0.914,2.502,5.89,-7.641,0.243,0.26,776247.1166286912,2.28559880337543e-08,-0.0390538042661685,-5.175129431306479,True
2MASS J18035522-2419281,270.98011,-24.32449,y,n,1.0,,,19.992,18.131,17.03,17.392,K4,3.348,1.569,1.135,2.015,6.27,-8.079,0.394,0.792,1862087.1366628653,8.336811846196332e-09,0.0549958615291415,-5.563796673716452,True
05344753-0557569,83.69805908203125,-5.965806007385254,,,,,,,,,,,0.7519999742507935,1.38038426649739,0.6399999856948853,2.366009228053765,5.808885863179469,-7.395990050854232,,,643999.9938011168,4.018000154815125e-08,-0.193820035723351,-4.787567603147394,True
WFI35120,271.22717,-24.23539,y,n,1.0,,,18.983,17.325,16.335,16.878,K0,3.717,3.454,1.784,2.221,6.56,-8.683,0.449,,3630780.54770101,2.07491351745491e-09,0.2513948500401042,-6.271789502472963,True
SCB528,271.07928,-24.26248,?,n*,2.0,,18.267,16.404,15.65,15.249,15.606,F7.5,1.387,2.246,1.172,1.295,7.32,-8.202,0.027,,20892961.308540408,6.280583588133181e-09,0.0689276116820718,-5.270957063178454,True
WFI29988,271.2764,-24.27306,y,,1.0,,,20.04,18.3,17.362,17.625,K5,2.278,0.59,1.044,1.322,6.85,-9.134,0.433,,7079457.843841373,7.345138681571142e-10,0.0187004986662433,-6.3390968874444855,True
WFI20091,271.07958,-24.36987,y,n*,1.0,,,18.69,17.147,16.359,16.34,K5,1.444,0.854,1.05,1.59,6.56,-8.486,0.228,0.494,3630780.54770101,3.265878321723353e-09,0.021189299069938,-5.813149700939833,True
05332136-0521347,83.33903503417969,-5.359641075134277,,,,,,,,,,,2.976999998092652,1.8030177913403385,0.6570000052452087,2.639621387161264,5.69460520311716,-7.993962047109528,,,495000.00476837176,1.013999995080894e-08,-0.1824346269729967,-5.445462487045303,True
GES J18040429-2425040,271.01792,-24.41776,y,n,1.0,,,18.975,17.531,16.755,16.029,K7.75,0.183,0.278,0.827,1.077,7.01,-8.443,0.031,0.674,10232929.922807535,3.605786430216427e-09,-0.0824944904474533,-5.467305009230627,True
05365983-0120245,84.24929809570312,-1.340147018432617,,,,,,,,,,,1.3300000429153442,0.2233572105116833,0.2689999938011169,1.4017627911871196,6.13703747110277,-8.480040829914183,,,1371000.0514984136,3.310999918682005e-09,-0.5702477300055503,-5.3088810282077326,True
05341138-0451229,83.54745483398438,-4.856381893157959,,,,,,,,,,,0.781000018119812,0.3118889710797116,0.4199999868869781,1.434239135651523,6.276001992594521,-7.916139194999492,,,1888000.0114440904,1.2130000115462272e-08,-0.3767507231614165,-4.90776735703167,True
2MASS J18032211-2425350,270.84216,-24.42637,y,,1.0,,,19.967,18.245,17.235,17.547,K2.75,3.013,0.955,1.216,1.437,6.85,-8.483,0.597,0.956,7079457.843841373,3.288516308759826e-09,0.0849335749367161,-5.763373998953327,True
2MASS J18025113-2418077,270.71307,-24.30218,y,y,2.0,,19.782,18.624,17.079,16.246,16.411,K6.5,0.846,0.629,0.891,1.499,6.55,-8.887,0.35,0.472,3548133.892335753,1.2971792709839544e-09,-0.0501222959631252,-6.137211784238376,True
WFI21076,271.12679,-24.36014,y,n*,1.0,,,18.542,16.813,15.88,16.314,K7.5,1.693,1.867,0.608,2.751,5.62,-8.389,0.317,0.584,416869.3834703355,4.0831938633269275e-09,-0.216096420727265,-5.8329137039046035,True
EPIC224345928,270.77896,-24.41081,y,y*,2.0,N,14.117,12.917,12.8,12.756,12.831,A5,0.0,11.762,1.842,1.72,6.96,-7.439,0.03,,9120108.393559096,3.6391503612720714e-08,0.2652896258608301,-4.879134458596123,True
SCB580,271.09428,-24.34229,y,n,2.0,,17.555,15.269,13.99,13.438,13.727,K2.25,1.379,11.877,1.85,4.821,5.52,-8.024,0.299,0.154,331131.1214825908,9.462371613657951e-09,0.2671717284030138,-6.058283235482075,True
WFI15668,271.2334,-24.41318,y,,2.0,,,19.883,18.188,16.944,17.569,M2.5,0.729,0.56,0.294,2.13,5.73,-9.332,0.599,,537031.7963702533,4.6558609352295804e-10,-0.5316526695878427,-6.372045723022438,True
05371885-0020416,84.32854461669922,-0.3449060022830963,,,,,,,,,,,0.6430000066757202,0.9462371609112616,1.0829999446868896,1.6359685411268188,6.540454608182483,-8.677160728063871,,,3470999.9561309787,2.1029999963673167e-09,0.0346284344441761,-6.027620118861723,True
05365983-0120245,84.24929809570312,-1.340147018432617,,,,,,,,,,,1.3300000429153442,0.2233572105116833,0.2689999938011169,1.4017627911871196,6.13703747110277,-8.480040829914183,,,1371000.0514984136,3.310999918682005e-09,-0.5702477300055503,-5.3088810282077326,True
EPIC224467724,271.091,-24.19378,y,y,2.0,QPS,16.287,14.904,14.082,13.701,13.865,G5,0.29,3.709,1.635,2.061,6.79,-8.133,0.056,,6165950.018614822,7.362070974947376e-09,0.2135177569963048,-5.584183243599659,True
05351784-0444524,83.82437133789062,-4.747907161712646,,,,,,,,,,,0.7009999752044678,0.7112135105297984,0.6340000033378601,1.7887879639941926,6.155639632023192,-8.716472629324166,,,1430999.9942779553,1.92100002571749e-09,-0.1979107398318095,-5.960844240358687,True
EPIC224375369,271.06583,-24.35767,y,?,2.0,,19.466,17.164,15.817,15.194,15.469,K1.5,1.77,2.874,1.666,2.237,6.42,-8.854,0.421,,2630267.9918953814,1.3995873225726204e-09,0.2216749970707687,-6.466567940822193,True
05392030-0118253,84.83458709716797,-1.307034969329834,,,,,,,,,,,1.2209999561309814,0.2786121122744104,0.2870000004768371,1.533753701868584,6.061075332265944,-8.978810710916731,,,1151000.0228881831,1.049999975855087e-09,-0.5421181025444477,-5.87085098822863,True
05351403-0552090,83.80848693847656,-5.869180202484131,,,,,,,,,,,0.6899999976158142,0.5701642686811527,0.8640000224113464,1.4575486932155195,6.583652121073175,-8.844967762268414,,,3834000.110626225,1.429000029418149e-09,-0.0634862462559169,-6.066155780223197,True
05361847-0620387,84.07699584960938,-6.344091892242432,,,,,,,,,,,0.2540000081062317,0.3221068690490374,0.5059999823570251,1.3685337051043336,6.415140363979412,-8.927382503837954,,,2601000.0705718985,1.1820000533901994e-09,-0.295849498302981,-5.953756576056227,True
2MASS J18044445-2410172,271.18523,-24.17147,?,y*,1.0,,20.226,18.638,16.949,16.009,16.333,K5.75,1.81,1.48,0.845,2.193,6.02,-8.277,0.213,0.778,1047128.5480508984,5.284452517751813e-09,-0.0731432910503076,-5.718939754149222,True
05350822-0537047,83.78424835205078,-5.617991924285889,,,,,,,,,,,2.674000024795532,0.8298507670588517,0.4370000064373016,2.205863644971468,5.783903565307936,-7.970210529250423,,,607999.9804496765,1.0709999997970955e-08,-0.3595185566321307,-5.183734324180745,True
EPIC224389596,271.04929,-24.33219,y,n,2.0,QPD,19.701,17.819,16.414,15.78,15.825,K7.5,0.365,0.9,0.692,1.91,6.1,-8.566,0.106,0.064,1258925.411794166,2.716439268839078e-09,-0.1598939055432422,-5.87645403642915,True
WFI20173,271.0875,-24.36916,y,n*,1.0,,,18.604,16.968,16.191,16.361,K8,0.831,0.814,0.649,1.873,6.1,-8.667,0.256,0.468,1258925.411794166,2.152781734724374e-09,-0.1877553031996307,-5.945788203339842,True
WFI17541,271.02192,-24.39411,y,n,1.0,P,,18.624,16.992,16.225,16.457,M2,0.0,0.777,0.32,2.418,5.53,-9.153,0.496,,338844.1561392028,7.030723198838325e-10,-0.494850021680094,-6.317097287844609,True
SCB893,271.07401,-24.28596,y,,1.0,,19.958,18.165,16.622,15.845,16.03,K7.75,0.883,1.175,0.629,2.216,5.88,-8.343,0.149,0.28,758577.5750291835,4.539416166502032e-09,-0.201349354554731,-5.6967838257138315,True
EPIC224329877,271.05801,-24.43988,y,y*,2.0,P,20.13,17.754,16.182,15.314,15.683,K7,0.759,1.405,0.688,2.315,5.86,-8.9,0.469,,724435.9600749906,1.2589254117941663e-09,-0.1624115617644887,-6.306260877028528,True
05353635-0531378,83.90147399902344,-5.527184963226318,,,,,,,,,,,0.4070000052452087,0.2328091170756021,0.1990000009536743,1.5508685359595564,5.881954985199804,-7.726535711995366,,,762000.0243186952,1.877000066485836e-08,-0.7011469215090095,-4.511471572866001,True
VPHAS J180248.8-241547.5,270.70348,-24.2632,?,,1.0,,,19.991,18.345,17.299,17.724,G7,3.693,1.249,1.128,1.24,7.24,-8.529,0.3,0.339,17378008.28749376,2.9580124665515463e-09,0.0523090996473234,-5.611958742675396,True
05395362-0233426,84.97344970703125,-2.561851978302002,,,,,,,,,,,0.7710000276565552,0.1909853338249918,0.3540000021457672,1.1997871686347756,6.427486128287773,-8.558619107070975,,,2676000.118255614,2.763000050975957e-09,-0.4509967353417408,-5.40358523712209,True
WFI13674,270.99385,-24.44146,y,,1.0,,,19.417,17.52,16.512,16.087,K5,2.812,1.861,0.927,2.347,5.98,-7.115,0.206,0.26,954992.5860214368,7.673614893618187e-08,-0.0329202658555029,-4.619099891190009,True
VPHAS J180419.9-242823.7,271.08278,-24.47326,y,y,1.0,,19.585,18.731,16.943,15.956,15.912,K8.5,1.638,1.775,0.526,2.852,5.55,-7.361,0.033,0.055,354813.3892335753,4.355118736855688e-08,-0.2790142558462609,-4.762182773286167,True
05342978-0451477,83.62410736083984,-4.863253116607666,,,,,,,,,,,2.6470000743865967,0.2421029065343498,0.7089999914169312,1.0811442357716787,6.9200711370429175,-9.082757152829265,,,8319000.244140632,8.264999795670715e-10,-0.1493537700744503,-6.068044699022694,True
EPIC224377629,271.06508,-24.35369,y,n,1.0,P,,17.867,16.285,15.564,15.858,M0.25,0.329,1.418,0.416,2.859,5.46,-8.982,0.513,,288403.1503126605,1.0423174293933055e-09,-0.3809066693732573,-6.304377695927578,True
05345201-0524187,83.71674346923828,-5.405220985412598,,,,,,,,,,,1.7280000448226929,0.2937649616481951,0.3379999995231628,1.498861563965303,6.143951118505248,-8.323489270031907,,,1393000.0066757216,4.748000215215595e-09,-0.471083300335031,-5.262192340412732,True
05333304-0511555,83.38770294189453,-5.198750972747803,,,,,,,,,,,1.0520000457763672,0.2636331408982031,0.335999995470047,1.424714798295856,6.198106984962564,-8.568636235623158,,,1577999.9494552612,2.700000001354398e-09,-0.4736607284653155,-5.48214549129278,True
VPHAS J180454.0-243046.4,271.22515,-24.51288,y,,1.0,,,18.358,16.586,15.584,16.151,K4.75,2.611,3.721,0.934,3.263,5.6,-8.277,0.295,,398107.1705534969,5.284452517751813e-09,-0.0296531237699066,-5.941037932590493,True
GES J18050602-2422456,271.27512,-24.37935,?,y,1.0,,19.674,17.898,16.452,15.747,16.015,K5,1.009,1.282,0.819,2.086,6.07,-8.71,0.519,0.754,1174897.5549395303,1.9498445997580416e-09,-0.0867160982395815,-6.115957707331191,True
EPIC224313065,271.171,-24.47042,?,n,1.0,N,15.5,14.39,13.908,13.725,13.772,G1.25,0.217,4.459,1.612,2.1,6.86,-8.097,0.161,0.166,7244359.600749906,7.998342550070293e-09,0.2073650374690718,-5.512412130573788,True
05341138-0451229,83.54745483398438,-4.856381893157959,,,,,,,,,,,0.781000018119812,0.3118889710797116,0.4199999868869781,1.434239135651523,6.276001992594521,-7.916139194999492,,,1888000.0114440904,1.2130000115462272e-08,-0.3767507231614165,-4.90776735703167,True
05362611-0608038,84.10881042480469,-6.13438892364502,,,,,,,,,,,2.4590001106262207,1.2161860031500955,0.4779999852180481,2.513705375762641,5.664641987210414,-7.744004258737754,,,462000.0123977664,1.803000060363049e-08,-0.3205721168182582,-5.050823137379281,True
GES J18034423-2426059,270.93429,-24.43495,y,n,1.0,,,19.073,17.609,16.754,16.463,M0.25,0.181,0.383,0.497,1.485,6.29,-8.421,0.153,0.104,1949844.5997580453,3.7931498497368245e-09,-0.3036436112666679,-5.489963118816377,True
EPIC224338514,271.06424,-24.42412,y,?,1.0,P,,18.623,17.05,16.172,16.505,K7.5,0.755,0.673,0.743,1.651,6.33,-8.996,0.249,0.249,2137962.0895022326,1.0092528860766832e-09,-0.1290111862394247,-6.246996647469141,True
EPIC224390140,271.06717,-24.33125,y,y,2.0,S,19.112,16.979,15.467,14.75,15.123,K7.5,0.594,2.55,0.59,3.215,5.46,-9.121,0.629,,288403.1503126605,7.568328950209735e-10,-0.2291479883578558,-6.6158588155811415,True
EPIC224361948,271.08042,-24.38183,y,y*,2.0,MP,18.826,16.834,15.343,14.592,14.829,K5,1.23,3.771,0.891,3.342,5.56,-7.676,0.126,0.464,363078.054770101,2.1086281499332885e-08,-0.0501222959631252,-5.333218436376173,True
05354486-0507170,83.93692016601562,-5.121395111083984,,,,,,,,,,,0.9629999995231628,3.2583670958813022,0.5709999799728394,3.671826990205483,5.227886704000988,-8.111876711666074,,,168999.99976158145,7.728999662504074e-09,-0.2433639069865258,-5.686004359199517,True
05351784-0444524,83.82437133789062,-4.747907161712646,,,,,,,,,,,0.7009999752044678,0.7112135105297984,0.6340000033378601,1.7887879639941926,6.155639632023192,-8.716472629324166,,,1430999.9942779553,1.92100002571749e-09,-0.1979107398318095,-5.960844240358687,True
EPIC224493585,270.599,-24.147,?,y,1.0,QPS,19.413,17.624,16.234,15.436,15.735,G9,2.222,2.582,1.548,1.87,6.78,-8.217,0.271,0.194,6025595.860743581,6.067363295885047e-09,0.1897709563468738,-5.645305028369567,True
05333304-0511555,83.38770294189453,-5.198750972747803,,,,,,,,,,,1.0520000457763672,0.2636331408982031,0.335999995470047,1.424714798295856,6.198106984962564,-8.568636235623158,,,1577999.9494552612,2.700000001354398e-09,-0.4736607284653155,-5.48214549129278,True
2MASS J18031901-2428067,270.82927,-24.46854,y,n,1.0,,,19.411,17.67,16.533,16.955,G6.25,4.215,3.589,1.666,2.073,6.76,-7.79,0.11,0.43,5754399.373371567,1.6218100973589297e-08,0.2216749970707687,-5.262787878471839,True
VPHAS J180404.3-242901.2,271.01773,-24.48366,?,n*,2.0,,,20.143,18.576,17.298,18.456,A3.75,6.572,14.221,1.965,1.789,6.88,-7.162,0.82,,7585775.7502918355,6.886522963442762e-08,0.2933625547114455,-4.666930133607934,True
WFI26577,270.99579,-24.30491,y,?,1.0,,,18.943,17.338,16.4,16.588,K9.25,0.873,0.737,0.535,1.928,5.98,-8.538,0.168,0.289,954992.5860214368,2.8973435877013204e-09,-0.2716462179787715,-5.77077623947479,True
05312062-0049197,82.83594512939453,-0.8221549987792969,,,,,,,,,,,-1.253999948501587,0.1648162420479321,0.1809999942779541,1.341072290942589,6.023252438041624,-8.288361478283788,,,1054999.9475479128,5.147999804222539e-09,-0.74232143886039,-4.968410595973406,True
05392927+0003390,84.87198638916016,0.0608520060777664,,,,,,,,,,,1.2619999647140503,0.6823387040682957,0.7829999923706055,1.630668248615843,6.3762118541144055,-8.99524886570543,,,2378000.020980834,1.010999950423753e-09,-0.1062382421737347,-6.253129554147424,True
EPIC224345928,270.77896,-24.41081,y,y*,2.0,N,14.117,12.917,12.8,12.756,12.831,A5,0.0,11.762,1.842,1.72,6.96,-7.439,0.03,,9120108.393559096,3.6391503612720714e-08,0.2652896258608301,-4.879134458596123,True
2MASS J18034124-2414503,270.92188,-24.24727,y,n,1.0,,,18.763,17.218,16.371,16.707,K3.25,2.092,1.198,1.254,1.677,6.6,-8.802,0.408,,3981071.7055349695,1.5776112696993502e-09,0.0982975364946976,-6.200342248645526,True
SCB353,271.01745,-24.4756,?,n,2.0,,15.162,14.085,13.528,13.284,13.432,F6.75,0.541,7.811,1.636,2.355,6.91,-7.433,0.033,,8128305.161640995,3.6897759857015055e-08,0.2137832993353041,-4.835150905725836,True
SCB779,271.16927,-24.43051,?,,2.0,,18.965,17.002,15.936,15.377,15.741,G7,1.116,1.342,1.133,1.285,7.2,-8.757,0.064,,15848931.924611142,1.749846688624658e-09,0.0542299098633972,-5.8585865500956285,True
05354311-0424556,83.92963409423828,-4.415471076965332,,,,,,,,,,,0.1899999976158142,1.039920168041275,0.5609999895095825,2.199188200037405,5.848189106710446,-8.373967743613518,,,704999.983310699,4.227000083290024e-09,-0.2510371468649268,-5.684357002923505,True
05351539-0433262,83.81414031982422,-4.557290077209473,,,,,,,,,,,0.2560000121593475,0.5370317831033883,0.5730000138282776,1.6439358532736303,6.224274014047136,-8.75770709772272,,,1675999.9990463257,1.7469999891162026e-09,-0.2418453675517294,-5.923928049970591,True
SCB900,271.18405,-24.25694,y,y,1.0,,,18.112,16.337,15.33,15.775,K7.75,1.867,3.455,0.559,3.8,5.1,-7.671,0.216,0.197,125892.5411794166,2.133044913146575e-08,-0.2525881921135766,-5.287220303282615,True
05215426-0217257,80.47611236572266,-2.290472984313965,,,,,,,,,,,2.200000047683716,0.9078205313618252,0.9120000004768372,1.732338837448053,6.370883012545928,-8.494714338123492,,,2348999.9771118173,3.200999909580557e-09,-0.0400051614445139,-5.830062924926313,True
WFI19335,270.99628,-24.37714,y,,1.0,,,19.101,17.653,16.854,17.254,K9,0.173,0.295,0.683,1.201,6.74,-9.349,0.498,,5495408.738576248,4.477133041763624e-10,-0.1655792963184674,-6.389876901899925,True
WFI19339,271.09201,-24.37712,y,n*,1.0,,,19.494,17.811,16.866,17.091,K6.25,1.57,0.572,0.941,1.408,6.68,-8.77,0.376,0.476,4786300.923226381,1.698243652461746e-09,-0.0264103765727431,-5.9937162155685275,True
WFI15636,271.1487,-24.41365,y,,2.0,,,18.863,17.376,16.65,16.915,K7.75,0.591,0.458,0.783,1.384,6.6,-9.459,0.309,,3981071.7055349695,3.475361614432061e-10,-0.1062382379420565,-6.62487739623633,True
EPIC224433745,271.05583,-24.25381,y,n,1.0,QPS,,17.94,16.328,15.56,15.892,K7.75,0.996,1.665,0.593,2.638,5.66,-8.684,0.25,0.342,457088.1896148752,2.070141348791045e-09,-0.2269453066357374,-6.099138704366773,True
05322569-0157112,83.10706329345703,-1.953122019767761,,,,,,,,,,,0.828000009059906,0.3396252634544974,0.7419999837875366,1.238387406747432,6.745699214105831,-9.238748941558296,,,5567999.839782712,5.770999789156393e-10,-0.1295961042101689,-6.318179442294584,True
EPIC224326168,271.205,-24.44647,y,n,2.0,MP,19.313,17.232,15.69,14.953,15.158,K7.75,0.821,2.621,0.567,3.309,5.42,-7.804,0.148,0.233,263026.7991895382,1.5703628043335516e-08,-0.2464169411070934,-5.295676524363211,True
2MASS J18030976-2422325,270.79069,-24.37575,?,y,1.0,,,20.112,18.462,17.33,17.709,G2.25,4.493,2.209,1.274,1.505,7.13,-7.782,0.292,0.426,13489628.825916532,1.6519617982290148e-08,0.1051694279993316,-4.9702600373253425,True
2MASS J18045043-2425560,271.21015,-24.4323,?,,2.0,,,20.033,18.382,17.537,17.872,K5,1.835,0.376,0.945,1.056,7.16,-9.425,0.294,,14454397.70745928,3.7583740428844356e-10,-0.024568191490737,-6.453473389871096,True
SCB294,270.99325,-24.48691,y,n,2.0,,13.165,12.503,12.439,12.418,12.4,A3.5,0.308,22.863,1.966,2.243,6.8,-6.78,0.085,,6309573.44480193,1.6595869074375596e-07,0.2935835134961168,-4.318070690445358,True
EPIC224396823,271.07246,-24.31942,y,y,1.0,APD,19.707,18.162,16.56,15.807,15.689,K8.5,0.767,1.218,0.553,2.362,5.75,-7.803,0.016,0.141,562341.3251903491,1.5739828644662197e-08,-0.2572748686953017,-5.1466670776885,True
EPIC224326666,271.01233,-24.44561,y,n,1.0,QPS,,17.789,16.31,15.61,15.364,K7.75,0.632,1.275,0.619,2.308,5.82,-7.711,0.208,0.282,660693.4480075964,1.9453600816226612e-08,-0.208309350979882,-5.081540521200244,True
05353733-0623263,83.90555572509766,-6.390665054321289,,,,,,,,,,,0.7210000157356262,0.2630268092972728,0.4169999957084656,1.3278412516396387,6.373279891173302,-8.838033394191855,,,2361999.9885559096,1.451999964707793e-09,-0.3798639494957622,-5.786130544512759,True
05371885-0020416,84.32854461669922,-0.3449060022830963,,,,,,,,,,,0.6430000066757202,0.9462371609112616,1.0829999446868896,1.6359685411268188,6.540454608182483,-8.677160728063871,,,3470999.9561309787,2.1029999963673167e-09,0.0346284344441761,-6.027620118861723,True
EPIC224390140,271.06717,-24.33125,y,y,2.0,S,19.112,16.979,15.467,14.75,15.123,K7.5,0.594,2.55,0.59,3.215,5.46,-9.121,0.629,,288403.1503126605,7.568328950209735e-10,-0.2291479883578558,-6.6158588155811415,True
SCB58,270.86861,-24.2728,y,n,2.0,,17.383,15.899,15.132,14.804,14.96,G7.5,0.278,1.47,1.215,1.358,7.13,-8.404,0.035,,13489628.825916532,3.944573020752785e-09,0.084576277934331,-5.568854921014108,True
WFI19744,271.20075,-24.37287,y,n,1.0,,,19.982,18.111,16.833,17.487,G4.25,5.097,4.993,1.814,2.354,6.68,-7.928,0.27,0.5,4786300.923226381,1.1803206356517298e-08,0.2586372827240765,-5.47568673970054,True
05354986-0446323,83.95775604248047,-4.775649070739746,,,,,,,,,,,1.6150000095367432,0.3090295500373891,0.2989999949932098,1.5931898025894635,6.037027874431205,-8.56145765041053,,,1088999.98664856,2.745000005077711e-09,-0.5243288189478826,-5.483602652157781,True
05344048-0457396,83.66869354248047,-4.961006164550781,,,,,,,,,,,0.8119999766349792,0.1945359968418698,0.2980000078678131,1.2748175075891823,6.277609209932846,-8.56992495150074,,,1894999.9809265155,2.691999956283552e-09,-0.5257837244574771,-5.391509105700851,True
05342298-0441392,83.59577941894531,-4.694241046905518,,,,,,,,,,,1.347000002861023,0.6353309363859276,0.4670000076293945,1.9066152042805449,5.9609461837254605,-8.3896592809976,,,913999.97472763,4.077000070878959e-09,-0.3306831123388045,-5.5631705831997404,True
WFI25346,271.09817,-24.32103,y,y*,1.0,QPD,,,18.964,17.413,17.937,M4.75,0.0,0.288,0.159,1.841,5.19,-8.608,0.302,0.309,154881.66189124828,2.466039337234336e-09,-0.7986028756795485,-5.56664746281558,True
WFI14041,271.08089,-24.43534,y,,1.0,,,19.18,17.546,16.667,17.088,K5,1.887,0.858,1.048,1.594,6.55,-9.334,0.863,,3548133.892335753,4.634469197362884e-10,0.0203612826477078,-6.664319798321291,True
2MASS J18034495-2416085,270.93729,-24.26903,y,y,2.0,,19.365,17.789,16.408,15.797,15.753,K5,0.616,0.922,0.914,1.738,6.36,-9.168,0.766,,2290867.652767774,6.792036326171856e-10,-0.0390538042661685,-6.508904050998635,True
05360729-0542216,84.0303955078125,-5.706016063690186,,,,,,,,,,,0.4490000009536743,0.9418895953594166,0.7360000014305115,1.9090997423841904,6.135132654411027,-8.242755860265696,,,1365000.009536742,5.7179998513845434e-09,-0.1331221848183935,-5.569193598310987,True
05360808-0441205,84.03369140625,-4.689050197601318,,,,,,,,,,,0.5210000276565552,0.3990249124387328,0.4480000138282776,1.5720253341925228,6.185258749886661,-8.80382381585616,,,1531999.945640565,1.570999996758359e-09,-0.3487219725966226,-5.864614180764283,True
EPIC224332703,271.034,-24.43475,y,n,2.0,QPS,16.859,15.152,13.911,13.307,13.565,K2.75,0.87,8.673,1.495,4.33,5.53,-7.995,0.596,,338844.1561392028,1.0115794542598984e-08,0.1746411926604484,-5.920006604366411,True
05354355-0505414,83.93148040771484,-5.094851016998291,,,,,,,,,,,0.221000000834465,0.3741106001840286,0.4199999868869781,1.5610002607379607,6.172310965179583,-8.69962195714218,,,1486999.9885559075,1.996999898778994e-09,-0.3767507231614165,-5.73387934940151,True
EPIC224369041,270.955,-24.369,y,y,1.0,P,,17.549,16.448,15.765,15.982,F9.25,2.172,1.983,1.147,1.311,7.3,-8.455,0.214,0.446,19952623.149688788,3.5075187395256794e-09,0.0595634179012676,-5.5215365582576705,True
05353672-0510004,83.90301513671875,-5.166781902313232,,,,,,,,,,,1.5290000438690186,0.1306170878092994,0.2090000063180923,1.1501397053967648,6.245018874742863,-8.392652244457345,,,1758000.0162124631,4.048999802108714e-09,-0.6798537007601777,-5.052526847428766,True
05334822-0513262,83.45092010498047,-5.223948001861572,,,,,,,,,,,1.1929999589920044,0.1749846571427898,0.3630000054836273,1.1409044317615908,6.504062870741302,-8.584859634115595,,,3191999.912261961,2.601000081980945e-09,-0.4400933684032564,-5.410735906606564,True
EPIC224396425,271.00033,-24.31997,y,n,2.0,QPS,17.718,15.927,14.872,14.403,14.586,K2,0.27,2.011,1.499,1.936,6.56,-9.114,0.419,,3630780.54770101,7.691304402866083e-10,0.1758016328482795,-6.6168741357063166,True
WFI15636,271.1487,-24.41365,y,,2.0,,,18.863,17.376,16.65,16.915,K7.75,0.591,0.458,0.783,1.384,6.6,-9.459,0.309,,3981071.7055349695,3.475361614432061e-10,-0.1062382379420565,-6.62487739623633,True
EPIC224391538,271.052,-24.32861,y,n,2.0,P,18.574,16.544,15.272,14.678,14.927,K0.75,1.76,4.592,1.945,2.689,6.29,-8.322,0.346,,1949844.5997580453,4.7643098680541665e-09,0.2889196056617265,-6.064440025952603,True
WFI22913,271.23465,-24.34342,y,,1.0,,,19.489,17.8,16.831,17.055,K9.5,1.037,0.565,0.538,1.715,6.13,-8.73,0.205,0.29,1348962.8825916534,1.8620871366628653e-09,-0.2692177243336108,-5.903868666012303,True
05354986-0446323,83.95775604248047,-4.775649070739746,,,,,,,,,,,1.6150000095367432,0.3090295500373891,0.2989999949932098,1.5931898025894635,6.037027874431205,-8.56145765041053,,,1088999.98664856,2.745000005077711e-09,-0.5243288189478826,-5.483602652157781,True
EPIC224368142,271.0383,-24.37072,?,n,2.0,?,19.663,17.962,16.687,16.034,16.295,K2,1.246,0.852,1.136,1.26,7.07,-8.847,0.054,,11748975.549395302,1.4223287871228214e-09,0.055378331375,-6.003337104938613,True
WFI13000,271.16436,-24.45252,y,y,1.0,,,18.544,16.79,15.856,16.097,K5,2.299,2.402,0.903,2.667,5.81,-7.652,0.259,0.243,645654.2290346549,2.228435149270303e-08,-0.0443122496864941,-5.213042378850063,True
05344907-0526266,83.7044906616211,-5.440728187561035,,,,,,,,,,,1.3769999742507937,0.1510080223800351,0.3100000023841858,1.1149830144402886,6.464936437356967,-8.341606988608136,,,2917000.0553131127,4.5539998438926e-09,-0.5086383028256024,-5.1056641848014,True
SCB614,271.10532,-24.38083,y,y*,1.0,,,16.868,15.573,14.941,15.215,K3.5,0.928,2.11,1.202,2.262,6.16,-8.968,0.355,,1445439.770745928,1.0764652136298347e-09,0.0799044676667207,-6.526329477025195,True
EPIC224396823,271.07246,-24.31942,y,y,1.0,APD,19.707,18.162,16.56,15.807,15.689,K8.5,0.767,1.218,0.553,2.362,5.75,-7.803,0.016,0.141,562341.3251903491,1.5739828644662197e-08,-0.2572748686953017,-5.1466670776885,True
WFI19014,271.10824,-24.38036,y,n*,2.0,,,18.478,17.025,16.278,16.605,K6,0.655,0.539,0.973,1.344,6.77,-10.308,1.129,,5888436.553555884,4.920395356814511e-11,-0.0118871597316481,-7.511221952903943,True
WFI19806,271.11491,-24.37242,y,,1.0,,,19.012,17.342,16.541,16.516,K8.25,0.935,0.65,0.655,1.699,6.23,-8.484,0.313,0.247,1698243.652461746,3.28095293113119e-09,-0.1837587000082169,-5.713885219228786,True
05372168-0040399,84.34037017822266,-0.6777639985084534,,,,,,,,,,,0.4090000092983246,0.1541700535892966,0.3260000050067901,1.1087851667898294,6.488973516934689,-9.432738303055691,,,3082999.9446868924,3.6920000390239435e-10,-0.486782393262057,-6.211753731120928,True
SCB891,271.02655,-24.27114,y,y,1.0,,18.731,18.801,17.476,16.701,16.328,G7,2.263,0.844,0.971,1.019,7.44,-7.864,0.029,0.139,27542287.03338169,1.3677288255958497e-08,-0.0127807700919951,-4.79075737488477,True
05345044-0520203,83.71017456054688,-5.338985919952393,,,,,,,,,,,1.9429999589920044,0.6382634967023475,0.5130000114440918,1.8432376743455408,6.033825682075937,-8.018271986981416,,,1080999.970436097,9.587999727500583e-09,-0.2898826251998682,-5.20819296533745,True
WFI20209,271.1066,-24.36865,y,n,1.0,,,18.008,16.655,16.086,16.122,G7.5,3.029,3.627,1.716,2.132,6.68,-7.882,0.282,0.321,4786300.923226381,1.312199899019204e-08,0.2345172835126866,-5.40227318785502,True
SCB478,271.06329,-24.31864,y,y,1.0,U,18.941,17.228,16.066,15.584,15.502,G5.75,2.623,4.521,1.812,2.305,6.65,-7.755,0.14,0.106,4466835.921509635,1.757923613958693e-08,0.2581581933407942,-5.3144757662358355,True
05353217-0511579,83.88407135009766,-5.199440956115723,,,,,,,,,,,2.2790000438690186,0.3372873064369048,0.2790000140666961,1.6952320880330616,5.95036486389473,-8.672845469817474,,,892000.0195503241,2.124000086922708e-09,-0.5543957748300284,-5.596446623186445,True
05354764-0537388,83.94853973388672,-5.627448081970215,,,,,,,,,,,1.7450000047683716,0.215278175599735,0.2259999960660934,1.4406305873872145,6.043362285517518,-8.036684494653105,,,1105000.0190734856,9.189999872205606e-09,-0.6458915684122183,-4.8180633317721595,True
WFI19335,270.99628,-24.37714,y,,1.0,,,19.101,17.653,16.854,17.254,K9,0.173,0.295,0.683,1.201,6.74,-9.349,0.498,,5495408.738576248,4.477133041763624e-10,-0.1655792963184674,-6.389876901899925,True
EPIC224332703,271.034,-24.43475,y,n,2.0,QPS,16.859,15.152,13.911,13.307,13.565,K2.75,0.87,8.673,1.495,4.33,5.53,-7.995,0.596,,338844.1561392028,1.0115794542598984e-08,0.1746411926604484,-5.920006604366411,True
WFI26328,270.97467,-24.3082,y,?,2.0,,19.447,19.021,17.713,17.105,16.465,K5.25,0.325,0.204,0.757,0.79,7.58,-8.799,0.029,0.046,38018939.632056125,1.5885467485977804e-09,-0.1209041204999272,-5.545313433804056,True
WFI22435,271.08843,-24.34768,y,,1.0,,,19.132,17.458,16.595,16.971,K5,1.933,0.956,1.035,1.683,6.47,-9.226,0.533,,2951209.226666384,5.942921586155714e-10,0.0149403497929365,-6.5830480709953045,True
EPIC224460976,271.04079,-24.20589,y,n,2.0,N,14.698,13.4,13.192,13.089,13.198,A6.5,0.511,12.394,1.745,1.875,6.93,-7.362,0.014,,8511380.38202376,4.3451022417157146e-08,0.2417954312951987,-4.787765699071107,True
WFI35120,271.22717,-24.23539,y,n,1.0,,,18.983,17.325,16.335,16.878,K0,3.717,3.454,1.784,2.221,6.56,-8.683,0.449,,3630780.54770101,2.07491351745491e-09,0.2513948500401042,-6.271789502472963,True
05362788-0625360,84.11619567871094,-6.426677227020264,,,,,,,,,,,0.2140000015497207,0.1355189503115454,0.1940000057220459,1.193603173620758,6.17811324351993,-9.183626107693687,,,1506999.9694824233,6.552000053616811e-10,-0.7121982572602228,-5.834245647526447,True
EPIC224384916,271.1215,-24.34064,y,n*,2.0,MP,,17.848,16.245,15.384,15.842,K8,1.122,2.098,0.555,3.007,5.51,-8.878,0.583,,323593.6569296281,1.3243415351946643e-09,-0.2557070168773237,-6.322117296816502,True
05380826-0235562,84.5344467163086,-2.5989670753479,,,,,,,,,,,1.4270000457763672,0.4698940988026584,0.4020000100135803,1.762974875541491,6.012837212641808,-8.675306104995872,,,1029999.971389771,2.111999908294138e-09,-0.3957739360975134,-5.753505193978905,True
EPIC224422316,271.09092,-24.27392,y,y,1.0,QPS,18.883,16.936,15.516,14.822,15.073,K2.75,2.035,5.39,1.413,3.414,5.76,-7.711,0.207,0.161,575439.9373371566,1.9453600816226612e-08,0.1501421618485586,-5.513605163676265,True
05392030-0118253,84.83458709716797,-1.307034969329834,,,,,,,,,,,1.2209999561309814,0.2786121122744104,0.2870000004768371,1.533753701868584,6.061075332265944,-8.978810710916731,,,1151000.0228881831,1.049999975855087e-09,-0.5421181025444477,-5.87085098822863,True
WFI14185,271.02144,-24.43289,y,n,1.0,,19.143,17.587,16.443,15.811,15.756,G6.5,1.529,1.186,1.095,1.197,7.28,-8.358,0.408,0.19,19054607.17963248,4.385306977749852e-09,0.0394141191761371,-5.409858257183599,True
EPIC224313065,271.171,-24.47042,?,n,1.0,N,15.5,14.39,13.908,13.725,13.772,G1.25,0.217,4.459,1.612,2.1,6.86,-8.097,0.161,0.166,7244359.600749906,7.998342550070293e-09,0.2073650374690718,-5.512412130573788,True
05363616-0555288,84.15068817138672,-5.924681186676025,,,,,,,,,,,1.8229999542236328,0.9204495750376704,0.550000011920929,2.10118850518623,5.894316051326309,-8.15701651609345,,,783999.9794960022,6.966000221098057e-09,-0.2596373010926768,-5.438667672578923,True
2MASS J18025113-2418077,270.71307,-24.30218,y,y,2.0,,19.782,18.624,17.079,16.246,16.411,K6.5,0.846,0.629,0.891,1.499,6.55,-8.887,0.35,0.472,3548133.892335753,1.2971792709839544e-09,-0.0501222959631252,-6.137211784238376,True
WFI26301,271.10704,-24.30856,y,y,1.0,QPS,,,18.844,17.715,17.957,M1.25,1.089,0.387,0.403,1.612,6.11,-8.728,0.217,0.407,1288249.551693135,1.8706821403658016e-09,-0.3946949538588905,-5.767480050420151,True
2MASS J18032211-2425350,270.84216,-24.42637,y,,1.0,,,19.967,18.245,17.235,17.547,K2.75,3.013,0.955,1.216,1.437,6.85,-8.483,0.597,0.956,7079457.843841373,3.288516308759826e-09,0.0849335749367161,-5.763373998953327,True
05390297-0241272,84.76240539550781,-2.69088888168335,,,,,,,,,,,1.7130000591278076,0.3935500743755237,0.4149999916553497,1.60488188273094,6.132899782754034,-8.454692875074207,,,1358000.0400543215,3.510000068374096e-09,-0.3819519120205232,-5.499241503121404,True
05345292-0528591,83.72050476074219,-5.483089923858643,,,,,,,,,,,0.135000005364418,0.1312199811134032,0.2450000047683715,1.108299763612823,6.3500541094875125,-8.364817942215534,,,2239000.082015991,4.3170000907366615e-09,-0.6108339071829066,-5.059955038580125,True
05360808-0441205,84.03369140625,-4.689050197601318,,,,,,,,,,,0.5210000276565552,0.3990249124387328,0.4480000138282776,1.5720253341925228,6.185258749886661,-8.80382381585616,,,1531999.945640565,1.570999996758359e-09,-0.3487219725966226,-5.864614180764283,True
WFI15451,271.10985,-24.41564,y,y,1.0,,,18.766,17.149,16.345,16.698,M1,0.622,0.963,0.388,2.49,5.65,-9.195,0.765,,446683.5921509635,6.382634861905483e-10,-0.4111682744057927,-6.404871522670449,True
WFI17391,271.05343,-24.39581,y,n*,1.0,,,19.915,18.213,16.975,17.481,F4.75,5.357,5.57,1.414,1.819,7.11,-7.452,0.503,0.71,12882495.51693135,3.53183169791957e-08,0.1504494094608806,-4.699945294429401,True
WFI35120,271.22717,-24.23539,y,n,1.0,,,18.983,17.325,16.335,16.878,K0,3.717,3.454,1.784,2.221,6.56,-8.683,0.449,,3630780.54770101,2.07491351745491e-09,0.2513948500401042,-6.271789502472963,True
05345304-0503271,83.72101593017578,-5.057534217834473,,,,,,,,,,,0.335999995470047,0.4325138383956809,0.5320000052452087,1.535026961286647,6.28352736572411,-8.43889860690977,,,1921000.0038146968,3.6400000791303443e-09,-0.2740883634230623,-5.544113717270898,True
05383902-0245321,84.66261291503906,-2.758935928344727,,,,,,,,,,,1.1549999713897705,0.218776149183567,0.402999997138977,1.2300905363051091,6.4559102574890455,-9.075617312114524,,,2857000.1125335665,8.402000206686468e-10,-0.3946949569420829,-5.972887484443872,True
EPIC224326666,271.01233,-24.44561,y,n,1.0,QPS,,17.789,16.31,15.61,15.364,K7.75,0.632,1.275,0.619,2.308,5.82,-7.711,0.208,0.282,660693.4480075964,1.9453600816226612e-08,-0.208309350979882,-5.081540521200244,True
05372168-0040399,84.34037017822266,-0.6777639985084534,,,,,,,,,,,0.4090000092983246,0.1541700535892966,0.3260000050067901,1.1087851667898294,6.488973516934689,-9.432738303055691,,,3082999.9446868924,3.6920000390239435e-10,-0.486782393262057,-6.211753731120928,True
EPIC224385880,271.03813,-24.33883,y,n,1.0,N,,18.106,16.533,15.704,15.958,K5,1.619,1.746,0.933,2.274,6.02,-8.45,0.427,,1047128.5480508984,3.54813389233576e-09,-0.0301183562535,-5.940839684467026,True
SCB488,271.06688,-24.46594,y,y*,2.0,,19.068,17.032,15.523,14.792,15.008,K7.5,0.878,3.152,0.584,3.574,5.34,-7.777,0.269,0.635,218776.1623949552,1.671090614310707e-08,-0.2335871528876005,-5.316147628908928,True
05352864-0447265,83.86934661865234,-4.790700912475586,,,,,,,,,,,1.8040000200271609,0.3515604436162873,0.3070000112056732,1.681535288844929,5.989004626318421,-8.129245065925149,,,975000.0238418567,7.425999815069408e-09,-0.5128616086708202,-5.084166323275995,True
GES J18035516-2419193,270.97983,-24.32199,y,n,1.0,,,19.51,17.774,16.882,16.968,K7.75,1.54,0.691,0.707,1.699,6.27,-8.452,0.223,0.325,1862087.1366628653,3.5318316979195704e-09,-0.1505805862031006,-5.703149045508214,True
05344178-0453462,83.67411041259766,-4.896180152893066,,,,,,,,,,,0.8849999904632568,0.3564511220765602,0.4399999976158142,1.5024211928636977,6.2367891054118365,-8.951169912009007,,,1725000.0238418588,1.1190000037686346e-09,-0.3565473258670824,-5.981881334482256,True
WFI17034,271.06179,-24.39888,y,,1.0,,,19.571,17.996,17.082,17.265,M0.5,0.372,0.321,0.484,1.385,6.37,-9.144,0.275,1.063,2344228.8153199228,7.177942912713614e-10,-0.3151546383555875,-6.166990850415223,True
2MASS J18045624-2426256,271.23441,-24.44048,?,y,2.0,,15.534,14.355,13.743,13.481,13.607,G2.25,0.0,4.078,1.605,2.045,6.86,-7.852,0.024,,7244359.600749906,1.4060475241299129e-08,0.2054750367408908,-5.265264052852228,True
VPHAS J180248.8-241547.5,270.70348,-24.2632,?,,1.0,,,19.991,18.345,17.299,17.724,G7,3.693,1.249,1.128,1.24,7.24,-8.529,0.3,0.339,17378008.28749376,2.9580124665515463e-09,0.0523090996473234,-5.611958742675396,True
WFI20948,271.02988,-24.36125,y,y*,1.0,QPS,,19.766,17.998,17.127,16.96,,,0.185,0.609,1.006,6.93,-9.035,0.138,0.245,8511380.38202376,9.225714271547627e-10,-0.2153827073671246,-5.941160515960652,True
05342298-0441392,83.59577941894531,-4.694241046905518,,,,,,,,,,,1.347000002861023,0.6353309363859276,0.4670000076293945,1.9066152042805449,5.9609461837254605,-8.3896592809976,,,913999.97472763,4.077000070878959e-09,-0.3306831123388045,-5.5631705831997404,True
WFI27870,271.05737,-24.29087,y,n*,1.0,,,18.816,17.096,16.163,16.466,K7.75,1.584,1.351,0.614,2.376,5.78,-8.257,0.243,0.274,602559.5860743581,5.5335010921573715e-09,-0.2118316288588323,-5.639981994351351,True
05390297-0241272,84.76240539550781,-2.69088888168335,,,,,,,,,,,1.7130000591278076,0.3935500743755237,0.4149999916553497,1.60488188273094,6.132899782754034,-8.454692875074207,,,1358000.0400543215,3.510000068374096e-09,-0.3819519120205232,-5.499241503121404,True
05393938-0217045,84.9140853881836,-2.284590005874634,,,,,,,,,,,1.6460000276565552,0.8770008210834529,0.6000000238418579,1.9934004699126804,5.992111484834578,-8.61154353502085,,,981999.9933242792,2.4460000691561837e-09,-0.2218487323590445,-5.895937790744183,True
05353369-0446237,83.89038848876953,-4.773270130157471,,,,,,,,,,,1.3650000095367432,0.4909078925919903,0.4979999959468841,1.6603537883791848,6.155032234877524,-8.108128153411956,,,1429000.0200271604,7.796000289772561e-09,-0.3027706607749127,-5.2335710776828455,True
WFI27280,271.11605,-24.29674,y,y,1.0,,,20.01,18.071,16.963,17.296,K5,3.17,1.532,0.951,2.13,6.11,-7.957,0.253,0.274,1288249.551693135,1.1040786199020736e-08,-0.021819483062586,-5.420271152609347,True
SCB493,271.06802,-24.41753,y,n*,2.0,?,18.067,16.701,15.915,15.518,15.864,G0.75,1.089,1.383,1.059,1.155,7.38,-8.17,0.009,,23988329.190194897,6.760829753919819e-09,0.0248959601074849,-5.164245880468458,True
WFI13876,271.16977,-24.43806,y,y*,1.0,,,19.081,17.329,16.321,16.716,K6.5,1.769,1.078,0.788,1.963,6.13,-8.581,0.216,0.291,1348962.8825916534,2.6242185433844446e-09,-0.1034737825104446,-5.943244714553165,True
EPIC224390040,271.04575,-24.33136,y,n*,1.0,N,18.57,16.759,15.718,15.315,15.288,G9.25,1.399,2.243,1.495,1.754,6.83,-8.333,0.112,0.104,6760829.753919818,4.6451527522274935e-09,0.1746411926604484,-5.723553424791526,True
VPHAS J180420.3-242752.0,271.08461,-24.46448,y,n*,1.0,,,19.363,17.969,17.142,16.607,M0.5,0.0,0.251,0.5,1.224,6.55,-8.547,0.022,0.05,3548133.892335753,2.837919028441552e-09,-0.3010299956639812,-5.512042984110816,True
05333148-0609541,83.3812026977539,-6.165049076080322,,,,,,,,,,,1.8559999465942385,0.3118889710797116,0.2689999938011169,1.648545336830114,5.965671982874396,-8.76245627056823,,,924000.0247955328,1.7279999653396763e-09,-0.5702477300055503,-5.6617478765949,True
WFI14731,271.14863,-24.42444,y,y*,1.0,QPD,,19.333,17.497,16.605,16.95,M1.75,0.844,0.924,0.333,2.585,5.36,-8.364,0.348,0.961,229086.76527677747,4.325138310350079e-09,-0.4775557664936801,-5.61764308090549,True
EPIC224388173,271.10263,-24.33478,y,n,2.0,P,18.795,16.496,15.158,14.577,14.835,K7,0.22,2.407,0.643,3.031,5.54,-9.04,0.659,,346736.85045253165,9.120108393559115e-10,-0.1917890270757779,-6.544429665078003,True
05344441-0526061,83.68505096435547,-5.435040950775146,,,,,,,,,,,1.8350000381469729,0.2128139090378256,0.1490000039339065,1.6098103677480124,5.4248816409129565,-8.827105292219509,,,266000.0026226044,1.4890000343825727e-09,-0.8268137201214584,-5.657125728060694,True
05342792-0526346,83.61637115478516,-5.442958831787109,,,,,,,,,,,0.7549999952316284,0.4045758854785392,0.6629999876022339,1.3873581818131304,6.527114103518717,-8.977984242581815,,,3365999.937057498,1.0520000426339495e-09,-0.178486479716315,-6.091712690881289,True
05393938-0217045,84.9140853881836,-2.284590005874634,,,,,,,,,,,1.6460000276565552,0.8770008210834529,0.6000000238418579,1.9934004699126804,5.992111484834578,-8.61154353502085,,,981999.9933242792,2.4460000691561837e-09,-0.2218487323590445,-5.895937790744183,True
SCB274,270.98032,-24.2833,y,,2.0,,16.956,15.354,14.411,13.98,14.138,K0.25,0.523,3.578,1.786,2.297,6.51,-8.906,0.488,,3235936.569296281,1.2416523075924095e-09,0.2518814545525276,-6.515898443682708,True
WFI16602,271.0501,-24.40309,y,,1.0,,,20.209,18.348,17.096,17.943,G5.25,4.879,3.34,1.594,1.964,6.82,-8.802,1.206,,6606934.480075965,1.5776112696993502e-09,0.2024883170600935,-6.228314213934984,True
WFI20948,271.02988,-24.36125,y,y*,1.0,QPS,,19.766,17.998,17.127,16.96,,,0.185,0.609,1.006,6.93,-9.035,0.138,0.245,8511380.38202376,9.225714271547627e-10,-0.2153827073671246,-5.941160515960652,True
GES J18035438-2423545,270.97666,-24.39846,y,,0.0,,,19.401,17.921,16.995,17.49,M0.75,0.181,0.316,0.458,1.399,6.34,-9.208,0.927,,2187761.623949552,6.194410750767812e-10,-0.3391345219961308,-6.216070081641814,True
SCB229,270.95869,-24.35413,y,,1.0,,,18.105,16.536,15.812,15.907,K7.5,0.666,0.996,0.677,2.009,6.03,-8.362,0.301,0.269,1071519.305237607,4.345102241715715e-09,-0.1694113313148556,-5.690415267422607,True
2MASS J18051076-2421428,271.29484,-24.36185,?,y,1.0,,20.46,18.637,17.017,16.214,16.494,K5,1.655,1.162,0.963,1.88,6.28,-8.873,0.251,0.365,1905460.7179632485,1.339676687425937e-09,-0.0163737128754655,-6.272570504031368,True
05350392-0529033,83.76634216308594,-5.484264850616455,,,,,,,,,,,1.218000054359436,1.0690548771685473,0.4760000109672546,2.3787814662462625,5.719331277893997,-8.055714760918761,,,523999.9890327452,8.796000372512937e-09,-0.3223930372731663,-5.337980332393804,True
05333304-0511555,83.38770294189453,-5.198750972747803,,,,,,,,,,,1.0520000457763672,0.2636331408982031,0.335999995470047,1.424714798295856,6.198106984962564,-8.568636235623158,,,1577999.9494552612,2.700000001354398e-09,-0.4736607284653155,-5.48214549129278,True
05344188-0453382,83.67452239990234,-4.893969058990479,,,,,,,,,,,1.0269999504089355,0.3732501551319357,0.2860000133514404,1.767738906619822,5.913283904794671,-8.363813095611128,,,819000.0057220457,4.327000091564065e-09,-0.5436339465966327,-5.314890233475607,True
05343024-0511481,83.62603759765625,-5.196722030639648,,,,,,,,,,,3.6540000438690186,1.3212956321918252,0.460999995470047,2.6486675752680235,5.605305043057917,-7.232769898918421,,,402999.99713897664,5.851000040024702e-08,-0.3362990788778868,-4.546108796261455,True
05351852-0513383,83.8271713256836,-5.227320194244385,,,,,,,,,,,5.132999897003174,2.21819634795336,0.460999995470047,3.3559440899478057,5.143014795784575,-7.202109511723921,,,138999.99856948844,6.279000075437585e-08,-0.3362990788778868,-4.705504172560568,True
EPIC224384914,271.10275,-24.34064,y,n,2.0,P,19.505,17.16,15.751,15.103,15.357,K7.5,0.437,1.769,0.614,2.678,5.65,-8.961,0.55,,446683.5921509635,1.093956366272093e-09,-0.2118316288588323,-6.3974273123088405,True
05355765-0557183,83.9902114868164,-5.955097198486328,,,,,,,,,,,0.460999995470047,0.3689775999880771,0.4720000028610229,1.489722520375693,6.272537783345733,-8.127028364335183,,,1873000.0257492063,7.464000084667086e-09,-0.3260579987334409,-5.177695470608193,True
EPIC224359694,271.22908,-24.386,y,n,2.0,P,20.285,17.751,16.106,15.287,15.666,K7.5,1.417,2.871,0.587,3.411,5.41,-8.144,0.177,0.342,257039.5782768865,7.177942912713615e-09,-0.2313618987523855,-5.65689849029703,True
WFI18021,271.06754,-24.39003,y,,1.0,QPS,,17.745,16.376,15.736,15.713,K7.5,0.333,0.918,0.691,1.929,6.09,-8.381,0.164,0.655,1230268.770812381,4.159106104940219e-09,-0.1605219526258016,-5.69485140868788,True
WFI26297,271.06996,-24.30858,y,n*,1.0,P,,,18.813,17.551,17.525,M3.5,1.114,0.487,0.225,2.157,5.26,-7.991,0.184,0.236,181970.08586099825,1.0209394837076808e-08,-0.6478174818886375,-5.092244146085221,True
VPHAS J180345.3-243233.5,270.93858,-24.54265,?,,1.0,,,19.035,17.664,16.943,17.114,K2.5,1.525,0.459,0.919,0.972,7.38,-9.411,0.344,,23988329.190194897,3.8815036599064864e-10,-0.0366844886138887,-6.335256706385207,True
EPIC224453162,271.18754,-24.21978,y,y*,2.0,QPS,19.537,17.454,16.048,15.402,15.73,K5,0.764,1.325,0.974,1.981,6.22,-9.494,0.785,,1659586.9074375597,3.2062693245054674e-10,-0.0114410431213844,-6.923843792865425,True
2MASS J18034034-2425048,270.91811,-24.41802,y,y,1.0,,,18.771,16.908,15.916,16.045,K5,2.695,2.972,0.895,2.967,5.69,-7.339,0.114,0.179,489778.81936844665,4.58141886714533e-08,-0.048176964684088,-4.944984082001528,True
05352253-0452369,83.84387969970703,-4.876937866210938,,,,,,,,,,,3.0980000495910645,0.5623413251903491,0.3160000145435333,2.08609856870594,5.761175829665326,-7.64493180880766,,,577000.0219345095,2.264999920953416e-08,-0.500312897393697,-4.707779767249843,True
SCB897,271.1246,-24.24154,y,y,2.0,,19.929,18.853,17.22,16.254,16.161,K9.5,0.994,0.947,0.492,2.22,5.8,-7.863,0.105,0.087,630957.344480193,1.3708817661648522e-08,-0.3080348972326396,-5.128419945723424,True
SCB779,271.16927,-24.43051,?,,2.0,,18.965,17.002,15.936,15.377,15.741,G7,1.116,1.342,1.133,1.285,7.2,-8.757,0.064,,15848931.924611142,1.749846688624658e-09,0.0542299098633972,-5.8585865500956285,True
05392935-0227209,84.87229919433594,-2.455828905105591,,,,,,,,,,,1.0509999990463257,0.2032357142591357,0.3089999854564667,1.2899174013140535,6.302114401744759,-8.121938023637634,,,2005000.114440919,7.551999914312548e-09,-0.5100415410158657,-4.951339413429704,True
EPIC224433745,271.05583,-24.25381,y,n,1.0,QPS,,17.94,16.328,15.56,15.892,K7.75,0.996,1.665,0.593,2.638,5.66,-8.684,0.25,0.342,457088.1896148752,2.070141348791045e-09,-0.2269453066357374,-6.099138704366773,True
05303164+0203051,82.63187408447266,2.051433086395264,,,,,,,,,,,0.8149999976158142,0.4549880521571232,0.6179999709129333,1.4923759537750605,6.390581868777376,-8.47340228938264,,,2457999.9446868896,3.362000011719596e-09,-0.2090115453518845,-5.608568352556192,True
05384027-0230185,84.66780853271484,-2.505151033401489,,,,,,,,,,,0.7770000100135803,0.7691304401810505,0.492000013589859,2.031363724834181,5.900913069818953,-8.673050006238608,,,796000.0038146981,2.122999998022126e-09,-0.3080348852367033,-5.896982803268763,True
WFI26328,270.97467,-24.3082,y,?,2.0,,19.447,19.021,17.713,17.105,16.465,K5.25,0.325,0.204,0.757,0.79,7.58,-8.799,0.029,0.046,38018939.632056125,1.5885467485977804e-09,-0.1209041204999272,-5.545313433804056,True
2MASS J18025113-2418077,270.71307,-24.30218,y,y,2.0,,19.782,18.624,17.079,16.246,16.411,K6.5,0.846,0.629,0.891,1.499,6.55,-8.887,0.35,0.472,3548133.892335753,1.2971792709839544e-09,-0.0501222959631252,-6.137211784238376,True
EPIC248368908,270.84604,-24.468,?,,1.0,QPS,18.401,17.014,16.179,15.866,15.845,G8.25,0.904,0.984,1.049,1.129,7.32,-8.561,0.033,0.348,20892961.308540408,2.747894153102397e-09,0.0207754881935578,-5.575229833622785,True
SCB423,271.04471,-24.33981,y,n*,2.0,MP/P,17.368,15.809,14.773,14.262,14.607,G8.25,0.791,2.994,1.586,1.97,6.76,-8.293,0.039,,5754399.373371567,5.0933087105719634e-09,0.200303182981585,-5.741497772637588,True
WFI24884,271.11387,-24.32551,y,,1.0,,,19.799,17.936,16.819,17.36,K7.25,2.048,0.845,0.731,1.822,6.19,-9.124,0.598,,1548816.6189124826,7.516228940182046e-10,-0.1360826230421395,-6.424516111983472,True
EPIC224493585,270.599,-24.147,?,y,1.0,QPS,19.413,17.624,16.234,15.436,15.735,G9,2.222,2.582,1.548,1.87,6.78,-8.217,0.271,0.194,6025595.860743581,6.067363295885047e-09,0.1897709563468738,-5.645305028369567,True
WFI16675,271.05373,-24.40243,y,n*,1.0,,,20.077,18.223,16.884,17.532,M2.25,1.334,0.838,0.3,2.556,5.24,-8.524,0.648,,173780.08287493762,2.9922646366081953e-09,-0.5228787452803376,-5.775465451512776,True
EPIC224389484,270.91125,-24.33242,?,n,1.0,U,17.19,15.472,14.494,14.085,14.152,G9,0.743,3.858,1.831,2.286,6.56,-8.42,0.232,0.271,3630780.54770101,3.8018939632056126e-09,0.2626883443016964,-6.021625107803789,True
WFI21890,271.08142,-24.35276,y,?,1.0,APD,,18.666,16.977,16.151,16.588,K7.75,1.137,1.012,0.648,2.056,5.98,-8.768,0.566,,954992.5860214368,1.7060823890031207e-09,-0.1884249941294066,-6.095361206690084,True
EPIC224329877,271.05801,-24.43988,y,y*,2.0,P,20.13,17.754,16.182,15.314,15.683,K7,0.759,1.405,0.688,2.315,5.86,-8.9,0.469,,724435.9600749906,1.2589254117941663e-09,-0.1624115617644887,-6.306260877028528,True
05352551-0451205,83.8563003540039,-4.85571813583374,,,,,,,,,,,1.593000054359436,0.3589219405562241,0.3140000104904175,1.6877709484286536,5.992995110427278,-7.5288550380132495,,,984000.0271797174,2.95899997837523e-08,-0.5030703374174528,-4.493263992037037,True
EPIC224355341,270.95563,-24.39372,y,y,1.0,P,19.217,17.474,16.179,15.617,15.512,G8.25,2.72,4.382,1.9,2.383,6.55,-7.764,0.222,0.174,3548133.892335753,1.7218685749860063e-08,0.2787536009528289,-5.387995231403263,True
2MASS J18034053-2423321,270.91899,-24.39227,y,y,0.0,,,17.994,16.544,15.689,16.114,M0.25,0.15,0.997,0.433,2.397,5.7,-8.67,0.746,,501187.2336272725,2.137962089502232e-09,-0.3635121036466345,-5.913479186313309,True
2MASS J18030976-2422325,270.79069,-24.37575,?,y,1.0,,,20.112,18.462,17.33,17.709,G2.25,4.493,2.209,1.274,1.505,7.13,-7.782,0.292,0.426,13489628.825916532,1.6519617982290148e-08,0.1051694279993316,-4.9702600373253425,True
05354486-0507170,83.93692016601562,-5.121395111083984,,,,,,,,,,,0.9629999995231628,3.2583670958813022,0.5709999799728394,3.671826990205483,5.227886704000988,-8.111876711666074,,,168999.99976158145,7.728999662504074e-09,-0.2433639069865258,-5.686004359199517,True
EPIC224354500,271.12179,-24.39531,y,y,1.0,QPD,18.882,17.238,15.834,15.148,15.414,K5,0.865,2.06,0.744,2.671,5.73,-8.481,0.552,,537031.7963702533,3.3036954103681492e-09,-0.1284270644541213,-5.979331228544134,True
WFI15298,271.00238,-24.41733,y,n*,1.0,P,,19.265,17.956,17.333,16.134,K6,0.007,0.132,0.655,0.667,7.78,-8.545,0.098,0.076,60255958.60743581,2.851018267503909e-09,-0.1837587000082169,-5.137652582043346,True
WFI26045,271.07467,-24.31175,y,n*,1.0,P,,,18.536,17.465,17.524,M0.75,2.343,0.838,0.408,2.284,5.74,-7.824,0.2,0.22,549540.8738576248,1.499684835502374e-08,-0.3893398369101201,-5.021679998467922,True
WFI20161,271.08573,-24.36923,y,n*,1.0,,,18.372,16.691,15.85,16.213,K8,1.062,1.277,0.595,2.346,5.79,-8.733,0.278,,616595.0018614822,1.8492686189780759e-09,-0.2254830342714504,-6.096355330048642,True
05344956-0529033,83.70653533935547,-5.484274864196777,,,,,,,,,,,2.638999938964844,0.6576578429515465,0.3740000128746032,2.114591343571746,5.802089260168191,-7.507239599845327,,,634000.0033378603,3.110000079686869e-08,-0.4271283828493352,-4.63644507659717,True
05360808-0441205,84.03369140625,-4.689050197601318,,,,,,,,,,,0.5210000276565552,0.3990249124387328,0.4480000138282776,1.5720253341925228,6.185258749886661,-8.80382381585616,,,1531999.945640565,1.570999996758359e-09,-0.3487219725966226,-5.864614180764283,True
WFI12983,271.04021,-24.4528,y,n*,1.0,,18.581,17.355,15.954,15.334,14.987,K7.25,0.526,1.545,0.649,2.465,5.76,-7.584,0.182,0.182,575439.9373371566,2.6061535499988977e-08,-0.1877553031996307,-5.002568265690196,True
05354886-0612078,83.95361328125,-6.202184200286865,,,,,,,,,,,0.9020000100135804,1.3243415393751203,0.7289999723434448,2.2174531583191253,5.940516474483186,-8.01108449103795,,,871999.9790191657,9.747999740739036e-09,-0.1372724881581427,-5.412815389206038,True
SCB895,271.09458,-24.26808,y,n,1.0,,19.736,18.667,16.909,15.985,16.177,K5,2.281,2.115,0.914,2.502,5.89,-7.641,0.243,0.26,776247.1166286912,2.28559880337543e-08,-0.0390538042661685,-5.175129431306479,True
05462243-0008526,86.59347534179688,-0.1479530036449432,,,,,,,,,,,2.382999897003174,1.4321879098877994,1.055999994277954,1.990095675417114,6.256236538027256,-8.231140009198445,,,1804000.0200271597,5.872999864209301e-09,0.0236639158445236,-5.685984807875126,True
WFI19545,271.10384,-24.37502,y,,1.0,,,18.385,16.925,16.268,16.229,F7.25,4.211,7.089,1.613,2.286,6.93,-7.29,0.087,0.087,8511380.38202376,5.128613839913649e-08,0.2076343673889615,-4.676939988991915,True
05345201-0524187,83.71674346923828,-5.405220985412598,,,,,,,,,,,1.7280000448226929,0.2937649616481951,0.3379999995231628,1.498861563965303,6.143951118505248,-8.323489270031907,,,1393000.0066757216,4.748000215215595e-09,-0.471083300335031,-5.262192340412732,True
05392927+0003390,84.87198638916016,0.0608520060777664,,,,,,,,,,,1.2619999647140503,0.6823387040682957,0.7829999923706055,1.630668248615843,6.3762118541144055,-8.99524886570543,,,2378000.020980834,1.010999950423753e-09,-0.1062382421737347,-6.253129554147424,True
05353066-0527167,83.87776184082031,-5.454649925231934,,,,,,,,,,,1.1619999408721924,0.3881503540578086,0.3370000123977661,1.7138234304492546,5.996511665056413,-8.639406567315842,,,991999.9837875372,2.294000100988572e-09,-0.4723700831515655,-5.637262134684304,True
05352459-0511296,83.85249328613281,-5.19157600402832,,,,,,,,,,,4.651999950408936,0.8413951358713411,0.460999995470047,2.17040333278083,5.812244689461358,-7.6495581591686,,,648999.9890327451,2.2409999189676465e-08,-0.3362990788778868,-4.877820478049771,True
WFI21548,271.05311,-24.35576,y,y*,2.0,,,19.773,18.344,17.244,17.734,M2,0.0,0.244,0.352,1.351,6.27,-9.893,1.05,,1862087.1366628653,1.2793813041575227e-10,-0.453457336521869,-6.799914892559089,True
EPIC224345928,270.77896,-24.41081,y,y*,2.0,N,14.117,12.917,12.8,12.756,12.831,A5,0.0,11.762,1.842,1.72,6.96,-7.439,0.03,,9120108.393559096,3.6391503612720714e-08,0.2652896258608301,-4.879134458596123,True
WFI19285,270.98461,-24.3777,y,,1.0,,,18.449,16.918,16.219,15.965,K7.75,1.529,1.631,0.597,2.61,5.67,-7.659,0.317,1.112,467735.1412871981,2.1928049353504497e-08,-0.2240256688706309,-5.073345836338501,True
2MASS J18032211-2425350,270.84216,-24.42637,y,,1.0,,,19.967,18.245,17.235,17.547,K2.75,3.013,0.955,1.216,1.437,6.85,-8.483,0.597,0.956,7079457.843841373,3.288516308759826e-09,0.0849335749367161,-5.763373998953327,True
05352372-0448166,83.84884643554688,-4.80461597442627,,,,,,,,,,,0.6639999747276306,0.1315224885622526,0.2129999995231628,1.148338201595014,6.251151341317024,-8.537751795281114,,,1782999.9923706052,2.898999929001892e-09,-0.6716203975335053,-5.2044627813289805,True
2MASS J18051076-2421428,271.29484,-24.36185,?,y,1.0,,20.46,18.637,17.017,16.214,16.494,K5,1.655,1.162,0.963,1.88,6.28,-8.873,0.251,0.365,1905460.7179632485,1.339676687425937e-09,-0.0163737128754655,-6.272570504031368,True
2MASS J18044729-2417459,271.1972,-24.29606,y,n,1.0,,,19.814,18.102,16.981,17.256,G5.5,4.178,2.336,1.402,1.65,6.97,-7.784,0.263,0.267,9332543.007969905,1.6443717232149325e-08,0.1467480136306398,-5.085294974364171,True
GES J18035516-2419193,270.97983,-24.32199,y,n,1.0,,,19.51,17.774,16.882,16.968,K7.75,1.54,0.691,0.707,1.699,6.27,-8.452,0.223,0.325,1862087.1366628653,3.5318316979195704e-09,-0.1505805862031006,-5.703149045508214,True
WFI39034,271.08515,-24.20577,y,n,2.0,,20.254,18.22,16.764,16.086,16.194,K5,0.959,0.805,1.055,1.544,6.6,-8.914,0.266,0.616,3981071.7055349695,1.218989598924867e-09,0.0232524596337114,-6.227049870016083,True
WFI24293,271.10184,-24.33104,y,n*,1.0,QPS,,18.48,16.98,16.27,16.438,K7.75,0.571,0.645,0.717,1.642,6.32,-8.974,0.334,,2089296.1308540408,1.061695557198724e-09,-0.1444808443321999,-6.211525807198765,True
05352673-0516451,83.86138916015625,-5.279198169708252,,,,,,,,,,,0.7850000262260437,0.1644371800849339,0.2899999916553497,1.1840746294223052,6.355259911741839,-9.017683530532764,,,2266000.032424927,9.600999995029664e-10,-0.5376020145977185,-5.793912035309763,True
WFI13966,271.07745,-24.43644,y,n,1.0,,,19.933,18.335,17.184,17.344,F4.75,4.896,3.39,1.338,1.419,7.23,-7.438,0.27,0.299,16982436.52461746,3.64753946925608e-08,0.1264561134318043,-4.609341607257965,True
SCB394,271.03329,-24.41178,y,n*,1.0,QPS,,18.047,16.576,15.924,15.688,K8.5,0.462,0.954,0.577,2.09,5.91,-8.042,0.316,0.713,812830.5161640996,9.07820530178186e-09,-0.2388241868442686,-5.340858321834565,True
EPIC224350798,271.06883,-24.402,y,n,1.0,QPD,,18.871,17.336,16.663,16.058,M0.75,0.196,0.533,0.431,1.822,5.99,-8.149,0.159,0.16,977237.2209558112,7.095777679633901e-09,-0.3655227298392684,-5.270969841058206,True
EPIC224316080,271.08642,-24.46494,y,n,1.0,QPS,16.018,14.764,14.079,13.751,13.894,F8.75,0.853,6.089,1.616,2.246,6.9,-8.036,0.174,0.314,7943282.347242822,9.204495717531724e-09,0.2084413564385673,-5.436190706196783,True
VPHAS J180419.9-242823.7,271.08278,-24.47326,y,y,1.0,,19.585,18.731,16.943,15.956,15.912,K8.5,1.638,1.775,0.526,2.852,5.55,-7.361,0.033,0.055,354813.3892335753,4.355118736855688e-08,-0.2790142558462609,-4.762182773286167,True
05333148-0609541,83.3812026977539,-6.165049076080322,,,,,,,,,,,1.8559999465942385,0.3118889710797116,0.2689999938011169,1.648545336830114,5.965671982874396,-8.76245627056823,,,924000.0247955328,1.7279999653396763e-09,-0.5702477300055503,-5.6617478765949,True
WFI20216,271.15325,-24.36858,y,n,1.0,APD,,,18.811,17.559,17.84,M3.75,0.0,0.236,0.213,1.532,5.98,-8.942,0.314,0.504,954992.5860214368,1.142878334789771e-09,-0.6716203965612623,-5.72018613831662,True
