Name,RAdeg,DEdeg,Memb,Disk,Acc,K2var,umag,gmag,rmag,imag,Hamag,SpT,Avmag,Lbol,Mstar,Rstar,logAge,logMacc,DlogMacc+,DlogMacc-,Age_linear,Macc_linear,logMstar,c_value
EPIC224308921,271.094,-24.47806,y,y*,1.0,QPS,16.312,15.104,14.478,14.16,14.347,F5.25,1.019,4.872,1.377,1.734,7.14,-8.284,0.259,,13803842.646028839,5.199959965335152e-09,0.13893394025692368,-5.506523868870637
EPIC224311070,270.96517,-24.47403,y,y,1.0,APD,16.885,15.4,14.494,14.069,14.171,G6,1.113,5.305,1.931,2.509,6.57,-8.082,0.225,0.719,3715352.290971728,8.279421637123328e-09,0.28578227377939475,-5.705761303203872
EPIC224311432,271.16433,-24.47342,?,n,1.0,N,15.811,14.593,13.926,13.638,13.665,G4.5,0.336,4.717,1.802,2.301,6.69,-8.268,0.457,0.277,4897788.193684466,5.395106225151267e-09,0.2557547866430442,-5.80829946444979
EPIC224313065,271.171,-24.47042,?,n,1.0,N,15.5,14.39,13.908,13.725,13.772,G1.25,0.217,4.459,1.612,2.1,6.86,-8.097,0.161,0.166,7244359.600749906,7.998342550070293e-09,0.20736503746907187,-5.512412130573788
EPIC224316080,271.08642,-24.46494,y,n,1.0,QPS,16.018,14.764,14.079,13.751,13.894,F8.75,0.853,6.089,1.616,2.246,6.9,-8.036,0.174,0.314,7943282.347242822,9.204495717531723e-09,0.20844135643856737,-5.436190706196783
EPIC224316091,271.18975,-24.46481,?,n,1.0,N,18.786,17.278,15.975,15.343,15.366,K6.5,0.434,1.306,0.759,2.161,5.99,-8.195,0.285,0.253,977237.2209558112,6.3826348619054826e-09,-0.11975822410451964,-5.596293151175351
EPIC224319597,271.14721,-24.45842,y,n,2.0,P,19.953,17.504,15.952,15.159,15.548,K7.5,1.041,2.425,0.592,3.135,5.49,-8.806,0.451,,309029.5432513592,1.563147642640957e-09,-0.22767829327708025,-6.29019566058542
EPIC224321029,270.98583,-24.45581,?,y,1.0,N,15.868,14.783,14.251,14.008,14.092,F5.75,0.47,3.768,1.304,1.56,7.21,-8.231,0.184,0.454,16218100.9735893,5.8748935252977685e-09,0.11527759139590141,-5.39785903006056
EPIC224326168,271.205,-24.44647,y,n,2.0,MP,19.313,17.232,15.69,14.953,15.158,K7.75,0.821,2.621,0.567,3.309,5.42,-7.804,0.148,0.233,263026.7991895382,1.5703628043335516e-08,-0.24641694110709347,-5.295676524363211
EPIC224326526,270.97508,-24.44586,y,n,2.0,N,15.73,14.57,13.992,13.739,13.881,G1.75,0.145,3.734,1.532,1.939,6.91,-7.791,0.022,,8128305.161640995,1.6180800376430644e-08,0.18525876529658514,-5.160731385895568
EPIC224326666,271.01233,-24.44561,y,n,1.0,QPS,,17.789,16.31,15.61,15.364,K7.75,0.632,1.275,0.619,2.308,5.82,-7.711,0.208,0.282,660693.4480075964,1.9453600816226615e-08,-0.208309350979882,-5.081540521200244
EPIC224327883,270.98263,-24.44344,y,y,1.0,QPS,13.975,12.995,12.848,12.766,12.77,A3.75,0.635,20.429,1.917,2.144,6.83,-7.194,0.148,,6760829.753919818,6.397348354826482e-08,0.2826221128780626,-4.707278990773915
EPIC224329877,271.05801,-24.43988,y,y*,2.0,P,20.13,17.754,16.182,15.314,15.683,K7,0.759,1.405,0.688,2.315,5.86,-8.9,0.469,,724435.9600749906,1.2589254117941663e-09,-0.16241156176448873,-6.306260877028528
EPIC224331438,271.05457,-24.43709,y,y,1.0,S,,18.798,16.927,16.094,15.889,M0.25,1.436,1.943,0.403,3.347,5.01,-7.155,0.144,0.117,102329.29922807537,6.998419960022731e-08,-0.39469495385889053,-4.646709663906592
EPIC224332703,271.034,-24.43475,y,n,2.0,QPS,16.859,15.152,13.911,13.307,13.565,K2.75,0.87,8.673,1.495,4.33,5.53,-7.995,0.596,,338844.15613920277,1.0115794542598983e-08,0.17464119266044847,-5.920006604366411
EPIC224334564,270.97396,-24.43133,?,,2.0,N,15.168,13.906,13.274,12.994,13.102,F7.5,0.696,11.118,1.887,2.881,6.75,-8.011,0.117,,5623413.251903491,9.749896377173886e-09,0.27577190016493136,-5.54938281739569
EPIC224337991,271.00158,-24.42508,y,n*,2.0,QPS,19.074,17.662,16.284,15.552,15.327,K9.5,0.0,0.992,0.49,2.272,5.77,-7.852,0.122,0.101,588843.6553555884,1.4060475241299129e-08,-0.3098039199714863,-5.127742900282095
EPIC224338159,270.99521,-24.42478,y,n,1.0,P?,,18.042,16.489,15.636,15.661,K9.25,0.555,1.227,0.494,2.487,5.68,-7.822,0.233,0.195,478630.092322638,1.506607066186742e-08,-0.30627305107635305,-5.138756509196072
EPIC224338514,271.06424,-24.42412,y,?,1.0,P,,18.623,17.05,16.172,16.505,K7.5,0.755,0.673,0.743,1.651,6.33,-8.996,0.249,0.249,2137962.0895022326,1.0092528860766834e-09,-0.1290111862394247,-6.246996647469141
EPIC224339703,271.01279,-24.42203,y,y,1.0,QPS,16.383,14.999,14.189,13.82,13.886,G3,0.868,5.615,1.821,2.436,6.69,-8.243,0.41,0.672,4897788.193684466,5.714786366718666e-09,0.26030994579492,-5.788476624302911
EPIC224340256,271.21504,-24.42103,y,y*,2.0,QPS,20.367,17.886,16.21,15.369,15.754,K7.75,1.422,2.68,0.565,3.346,5.41,-8.19,0.213,0.745,257039.57827688646,6.456542290346562e-09,-0.2479515521805615,-5.6840435425681015
EPIC224342790,271.12888,-24.41656,y,y,1.0,QPS,,17.927,16.345,15.564,15.966,K2.5,3.246,6.953,1.565,3.781,5.7,-7.807,0.398,0.735,501187.2336272725,1.5595525028269523e-08,0.19451434188246727,-5.684703373537161
EPIC224342934,270.99388,-24.41625,y,y*,2.0,P,18.31,16.223,14.835,14.157,14.393,K7.5,0.352,3.837,0.582,3.944,5.06,-7.714,0.157,0.244,114815.36214968817,1.9319683170169222e-08,-0.23507701535011155,-5.366567320305299
EPIC224344077,271.05573,-24.41423,y,n,2.0,QPS,17.989,15.884,14.639,14.072,14.277,K4.5,0.382,3.423,0.978,3.078,5.68,-8.175,0.358,0.31,478630.092322638,6.6834391756861355e-09,-0.009661145212398569,-5.828870361818446
EPIC224345916,271.06825,-24.41083,y,y,1.0,S,19.236,17.371,15.868,15.123,15.333,K8,0.621,1.945,0.558,2.896,5.55,-8.034,0.157,0.381,354813.3892335753,9.24698173938221e-09,-0.25336580106242124,-5.464333489205024
EPIC224345928,270.77896,-24.41081,y,y*,2.0,N,14.117,12.917,12.8,12.756,12.831,A5,0.0,11.762,1.842,1.72,6.96,-7.439,0.03,,9120108.393559096,3.639150361272071e-08,0.26528962586083016,-4.879134458596123
EPIC224346989,271.15433,-24.40887,y,n*,1.0,APD,,18.655,16.974,16.17,16.397,M0.5,0.561,0.94,0.42,2.37,5.7,-8.485,0.154,0.328,501187.2336272725,3.273406948788386e-09,-0.37675070960209955,-5.713432866968854
EPIC224348598,270.94667,-24.40589,y,n*,1.0,P,18.469,16.607,15.406,14.845,14.868,K3.25,0.571,1.792,1.265,2.051,6.31,-8.375,0.377,0.727,2041737.9446695275,4.216965034285823e-09,0.10209052551183669,-5.896877335911187
EPIC224350798,271.06883,-24.402,y,n,1.0,QPD,,18.871,17.336,16.663,16.058,M0.75,0.196,0.533,0.431,1.822,5.99,-8.149,0.159,0.16,977237.2209558112,7.0957776796339015e-09,-0.3655227298392684,-5.270969841058206
EPIC224351738,271.15492,-24.40028,y,n,2.0,MP,17.131,15.806,14.894,14.434,14.74,G5,0.699,2.47,1.425,1.682,6.97,-8.086,0.032,,9332543.007969905,8.203515443298176e-09,0.153814864344529,-5.395326793798819
EPIC224354500,271.12179,-24.39531,y,y,1.0,QPD,18.882,17.238,15.834,15.148,15.414,K5,0.865,2.06,0.744,2.671,5.73,-8.481,0.552,,537031.7963702533,3.303695410368149e-09,-0.1284270644541213,-5.979331228544134
EPIC224354675,271.12796,-24.39497,?,,2.0,N,15.585,14.251,13.82,13.63,13.773,F2.75,0.498,5.945,1.447,1.75,7.11,-7.632,0.056,,12882495.51693135,2.3334580622810044e-08,0.1604685311190375,-4.891332513334978
EPIC224355341,270.95563,-24.39372,y,y,1.0,P,19.217,17.474,16.179,15.617,15.512,G8.25,2.72,4.382,1.9,2.383,6.55,-7.764,0.222,0.174,3548133.892335753,1.721868574986006e-08,0.2787536009528289,-5.387995231403263
EPIC224357532,271.11179,-24.38986,y,y,1.0,QPS,17.293,15.842,14.649,14.08,14.279,K2.5,0.728,3.796,1.49,2.794,6.03,-8.217,0.252,0.302,1071519.305237607,6.067363295885047e-09,0.17318626841227402,-5.934794096997181
EPIC224357671,271.04248,-24.38964,y,n*,1.0,?,18.939,17.244,15.796,15.036,15.015,K3.75,1.568,2.99,1.127,2.737,5.89,-7.542,0.296,0.288,776247.1166286912,2.8707805820246922e-08,0.05192391604610654,-5.179530033881544
EPIC224357842,271.10296,-24.38936,y,y,1.0,QPS,,17.387,16.031,15.332,15.506,K2.75,1.377,1.877,1.375,2.014,6.4,-8.44,0.094,0.224,2511886.4315095823,3.6307805477010177e-09,0.13830269816628146,-5.966033626070155
EPIC224357960,270.95742,-24.38908,y,n,1.0,N,17.181,15.983,15.299,15.037,14.902,F9.25,0.984,2.252,1.191,1.397,7.26,-8.112,0.128,0.125,18197008.586099826,7.726805850957022e-09,0.07591176148277752,-5.213561958830791
EPIC224359310,271.25667,-24.38669,y,n,1.0,N,16.327,14.918,14.155,13.842,13.943,G3.75,0.649,4.866,1.782,2.301,6.71,-8.166,0.058,0.652,5128613.839913649,6.82338694141669e-09,0.25090769970085597,-5.692568157860272
EPIC224359694,271.22908,-24.386,y,n,2.0,P,20.285,17.751,16.106,15.287,15.666,K7.5,1.417,2.871,0.587,3.411,5.41,-8.144,0.177,0.342,257039.57827688646,7.177942912713615e-09,-0.23136189875238555,-5.656898490297029
EPIC224361948,271.08042,-24.38183,y,y*,2.0,MP,18.826,16.834,15.343,14.592,14.829,K5,1.23,3.771,0.891,3.342,5.56,-7.676,0.126,0.464,363078.05477010104,2.1086281499332885e-08,-0.0501222959631252,-5.333218436376173
EPIC224362632,271.11863,-24.38061,y,?,1.0,QPS,19.693,17.821,16.318,15.597,15.979,K5,1.178,1.457,0.959,2.077,6.15,-9.136,0.837,0.193,1412537.5446227554,7.311390834834187e-10,-0.018181392829336417,-6.586961305829828
EPIC224362997,271.17596,-24.37992,y,n,1.0,P,,18.805,17.15,16.218,16.627,K8.75,1.032,0.919,0.556,2.084,5.9,-8.663,0.377,0.572,794328.2347242822,2.1727011788637434e-09,-0.2549252084179425,-5.947669906270539
EPIC224364219,271.09871,-24.37772,y,n,2.0,QPS,19.962,17.276,15.798,15.065,15.389,K7.5,0.665,2.035,0.602,2.872,5.58,-8.73,0.386,,380189.39632056124,1.8620871366628656e-09,-0.22040350874217546,-6.185463202177834
EPIC224366417,271.07838,-24.37381,y,y,2.0,,19.93,17.593,16.137,15.358,15.614,K7.5,0.234,1.009,0.677,2.023,6.02,-8.789,0.643,,1047128.5480508985,1.625548755750485e-09,-0.16941133131485567,-6.12152644572703
EPIC224366753,270.95108,-24.37314,y,y*,1.0,P,17.037,15.521,14.489,14.009,14.087,G9.75,0.47,3.0,1.655,2.056,6.66,-8.315,0.251,0.178,4570881.8961487515,4.841723675840999e-09,0.21879799811173756,-5.825629812316162
EPIC224367284,271.05058,-24.37217,y,n*,1.0,QPD,19.671,17.79,16.408,15.74,15.954,K5,0.769,1.022,0.944,1.795,6.33,-8.786,0.114,0.427,2137962.0895022326,1.6368165214278103e-09,-0.02502800570193105,-6.1551785879304255
EPIC224368142,271.0383,-24.37072,?,n,2.0,?,19.663,17.962,16.687,16.034,16.295,K2,1.246,0.852,1.136,1.26,7.07,-8.847,0.054,,11748975.549395302,1.4223287871228214e-09,0.05537833137500003,-6.003337104938613
EPIC224368354,271.11421,-24.37033,y,n,1.0,S,,18.43,16.672,15.732,16.182,K5,2.324,2.735,0.898,2.846,5.73,-8.225,0.4,0.723,537031.7963702533,5.956621435290109e-09,-0.04672366333269562,-5.8161911164308595
EPIC224369041,270.955,-24.369,y,y,1.0,P,,17.549,16.448,15.765,15.982,F9.25,2.172,1.983,1.147,1.311,7.3,-8.455,0.214,0.446,19952623.149688788,3.5075187395256794e-09,0.059563417901267686,-5.5215365582576705
EPIC224369815,271.09417,-24.36761,?,n,2.0,MP,14.795,13.688,13.359,13.223,13.303,F1,0.0,6.034,1.596,1.618,7.11,-7.597,0.115,,12882495.51693135,2.5292979964461423e-08,0.20303288701471064,-4.904708973337773
EPIC224374036,271.06933,-24.36,y,y,2.0,QPD,19.391,17.202,15.769,15.023,15.332,K6.75,0.247,1.308,0.729,2.198,5.95,-9.059,0.539,,891250.9381337459,8.729713683881131e-10,-0.1372724716820254,-6.45683207045858
EPIC224375291,271.13417,-24.35778,y,y*,2.0,P,19.182,17.039,15.649,14.966,15.239,K5.5,0.586,1.73,0.862,2.334,5.95,-8.702,0.341,,891250.9381337459,1.9860949173573715e-09,-0.06449273417528721,-6.182549780768546
EPIC224375369,271.06583,-24.35767,y,?,2.0,,19.466,17.164,15.817,15.194,15.469,K1.5,1.77,2.874,1.666,2.237,6.42,-8.854,0.421,,2630267.9918953814,1.3995873225726206e-09,0.22167499707076876,-6.466567940822193
EPIC224375540,270.99326,-24.35738,y,n*,1.0,P,,18.608,16.753,15.814,16.211,K7.5,2.024,2.549,0.59,3.214,5.47,-8.236,0.437,,295120.9226666384,5.807644175213112e-09,-0.22914798835785583,-5.72674763727672
EPIC224377629,271.06508,-24.35369,y,n,1.0,P,,17.867,16.285,15.564,15.858,M0.25,0.329,1.418,0.416,2.859,5.46,-8.982,0.513,,288403.15031266055,1.0423174293933057e-09,-0.3809066693732573,-6.304377695927578
EPIC224377862,271.11829,-24.35325,y,n,2.0,QPD,19.211,16.782,15.259,14.549,14.898,K6.75,1.217,4.933,0.662,4.268,5.07,-8.249,0.499,,117489.75549395304,5.6363765582595375e-09,-0.17914201056030005,-5.9610289945680055
EPIC224379078,270.89992,-24.35106,y,n*,2.0,QPS,19.847,17.348,15.753,15.028,15.228,K2.75,2.979,9.658,1.519,4.57,5.48,-7.16,0.165,0.249,301995.1720402019,6.918309709189362e-08,0.18155777386278632,-5.113423526717018
EPIC224380202,270.72621,-24.34903,y,y,2.0,S,18.529,16.39,15.263,14.64,14.543,G6,1.514,3.469,1.592,2.029,6.78,-7.785,0.023,0.117,6025595.860743581,1.6405897731995386e-08,0.20194306340165025,-5.227139219859
EPIC224380387,271.14059,-24.34865,y,n*,2.0,S,20.137,18.33,16.693,15.934,16.116,M1,0.0,0.821,0.392,2.298,5.73,-8.664,0.084,0.303,537031.7963702533,2.1677041048196964e-09,-0.4067139329795427,-5.846044671841147
EPIC224382910,271.12125,-24.34417,y,y*,2.0,P,20.201,17.842,16.235,15.436,15.823,K7.75,1.002,1.827,0.587,2.763,5.61,-8.533,0.195,,407380.27780411305,2.930893245250324e-09,-0.23136189875238555,-5.9636749242085845
EPIC224384914,271.10275,-24.34064,y,n,2.0,P,19.505,17.16,15.751,15.103,15.357,K7.5,0.437,1.769,0.614,2.678,5.65,-8.961,0.55,,446683.5921509635,1.093956366272093e-09,-0.21183162885883233,-6.3974273123088405
EPIC224384916,271.1215,-24.34064,y,n*,2.0,MP,,17.848,16.245,15.384,15.842,K8,1.122,2.098,0.555,3.007,5.51,-8.878,0.583,,323593.6569296281,1.3243415351946643e-09,-0.2557070168773237,-6.322117296816502
EPIC224385053,271.00279,-24.34033,y,n,2.0,P,16.346,14.932,14.11,13.724,13.853,G4.75,0.337,3.764,1.642,2.065,6.79,-8.72,0.317,0.326,6165950.018614822,1.9054607179632444e-09,0.21537315278342195,-6.173291991123172
EPIC224385880,271.03813,-24.33883,y,n,1.0,N,,18.106,16.533,15.704,15.958,K5,1.619,1.746,0.933,2.274,6.02,-8.45,0.427,,1047128.5480508985,3.5481338923357603e-09,-0.030118356253500032,-5.940839684467026
EPIC224386790,271.10532,-24.33734,y,n,1.0,P,,18.056,16.584,15.738,16.085,M1,0.143,1.104,0.417,2.666,5.51,-8.967,0.391,,323593.6569296281,1.0789467222298274e-09,-0.3798639450262425,-6.270006911324294
EPIC224388173,271.10263,-24.33478,y,n,2.0,P,18.795,16.496,15.158,14.577,14.835,K7,0.22,2.407,0.643,3.031,5.54,-9.04,0.659,,346736.85045253165,9.120108393559115e-10,-0.1917890270757779,-6.544429665078003
EPIC224389484,270.91125,-24.33242,?,n,1.0,U,17.19,15.472,14.494,14.085,14.152,G9,0.743,3.858,1.831,2.286,6.56,-8.42,0.232,0.271,3630780.54770101,3.8018939632056126e-09,0.26268834430169646,-6.02162510780379
EPIC224389596,271.04929,-24.33219,y,n,2.0,QPD,19.701,17.819,16.414,15.78,15.825,K7.5,0.365,0.9,0.692,1.91,6.1,-8.566,0.106,0.064,1258925.411794166,2.716439268839078e-09,-0.15989390554324223,-5.87645403642915
EPIC224390040,271.04575,-24.33136,y,n*,1.0,N,18.57,16.759,15.718,15.315,15.288,G9.25,1.399,2.243,1.495,1.754,6.83,-8.333,0.112,0.104,6760829.753919818,4.645152752227493e-09,0.17464119266044847,-5.723553424791526
EPIC224390120,270.72233,-24.33125,?,,2.0,MP,18.759,16.527,15.179,14.488,14.818,K2.75,1.338,3.981,1.39,2.934,5.92,-8.477,0.405,,831763.7711026708,3.3342641276323473e-09,0.14301480025409505,-6.20572571781298
EPIC224390140,271.06717,-24.33125,y,y,2.0,S,19.112,16.979,15.467,14.75,15.123,K7.5,0.594,2.55,0.59,3.215,5.46,-9.121,0.629,,288403.15031266055,7.568328950209736e-10,-0.22914798835785583,-6.6158588155811415
EPIC224391538,271.052,-24.32861,y,n,2.0,P,18.574,16.544,15.272,14.678,14.927,K0.75,1.76,4.592,1.945,2.689,6.29,-8.322,0.346,,1949844.5997580455,4.764309868054166e-09,0.28891960566172653,-6.064440025952604
EPIC224392069,271.1835,-24.32761,y,y,2.0,P,19.205,16.955,15.544,14.908,15.143,K7.75,0.374,2.09,0.578,2.956,5.54,-8.487,0.261,,346736.85045253165,3.258367010020087e-09,-0.23807216157947098,-5.938826632375953
EPIC224392324,270.92575,-24.32717,y,y,1.0,QPS,15.736,14.671,14.142,13.923,13.873,F1.25,1.311,9.046,1.609,1.993,7.0,-7.569,0.164,0.929,10000000.0,2.6977394324449205e-08,0.20655604409902956,-4.925936174012648
EPIC224393028,270.91133,-24.32589,y,n,2.0,QPS,16.907,15.631,14.984,14.695,14.895,G2.25,0.034,1.324,1.059,1.165,7.36,-8.296,0.015,,22908676.52767775,5.058246620031148e-09,0.024895960107484977,-5.2984682370773015
EPIC224396425,271.00033,-24.31997,y,n,2.0,QPS,17.718,15.927,14.872,14.403,14.586,K2,0.27,2.011,1.499,1.936,6.56,-9.114,0.419,,3630780.54770101,7.691304402866083e-10,0.1758016328482795,-6.6168741357063166
EPIC224396823,271.07246,-24.31942,y,y,1.0,APD,19.707,18.162,16.56,15.807,15.689,K8.5,0.767,1.218,0.553,2.362,5.75,-7.803,0.016,0.141,562341.3251903491,1.5739828644662197e-08,-0.2572748686953017,-5.1466670776885
EPIC224412309,271.02475,-24.29172,y,n,2.0,P,16.668,15.055,14.52,14.241,14.479,F3.75,0.899,4.334,1.373,1.557,7.17,-7.863,0.027,,14791083.881682072,1.3708817661648522e-08,0.1376705372367551,-5.071754414996858
EPIC224415423,271.17038,-24.28628,y,?,1.0,S,19.173,17.156,15.724,15.046,15.084,K7.75,0.453,1.889,0.584,2.809,5.59,-7.829,0.242,0.247,389045.1449942805,1.4825180851459545e-08,-0.23358715288760054,-5.265368171298372
EPIC224418655,270.99275,-24.28031,y,y,1.0,APD,18.531,17.695,16.305,15.6,15.683,K4,1.254,1.473,1.143,1.953,6.32,-8.216,0.167,0.257,2089296.1308540408,6.081350012787189e-09,0.05804623039528174,-5.6837076747231094
EPIC224420233,270.87983,-24.27753,y,n,2.0,QPS,18.627,16.822,15.796,15.367,15.507,K2.5,0.0,0.721,1.094,1.217,7.09,-9.891,0.505,,12302687.70812381,1.2852866599436154e-10,0.039017321997412,-7.0205196656812685
EPIC224422316,271.09092,-24.27392,y,y,1.0,QPS,18.883,16.936,15.516,14.822,15.073,K2.75,2.035,5.39,1.413,3.414,5.76,-7.711,0.207,0.161,575439.9373371566,1.9453600816226615e-08,0.1501421618485586,-5.513605163676265
EPIC224424757,271.16508,-24.26969,y,n,1.0,MP,16.474,15.326,14.75,14.505,14.591,F9,0.243,1.963,1.135,1.292,7.32,-8.703,0.235,,20892961.308540408,1.981527025805101e-09,0.05499586152914153,-5.756122951752121
EPIC224433745,271.05583,-24.25381,y,n,1.0,QPS,,17.94,16.328,15.56,15.892,K7.75,0.996,1.665,0.593,2.638,5.66,-8.684,0.25,0.342,457088.1896148752,2.0701413487910454e-09,-0.22694530663573742,-6.099138704366773
EPIC224453162,271.18754,-24.21978,y,y*,2.0,QPS,19.537,17.454,16.048,15.402,15.73,K5,0.764,1.325,0.974,1.981,6.22,-9.494,0.785,,1659586.9074375597,3.2062693245054674e-10,-0.011441043121384482,-6.923843792865425
EPIC224460976,271.04079,-24.20589,y,n,2.0,N,14.698,13.4,13.192,13.089,13.198,A6.5,0.511,12.394,1.745,1.875,6.93,-7.362,0.014,,8511380.38202376,4.3451022417157146e-08,0.24179543129519873,-4.787765699071107
EPIC224463623,270.70225,-24.20106,y,n*,2.0,QPD,19.36,17.28,15.942,15.411,15.414,K5,0.308,0.986,1.025,1.709,6.44,-8.616,0.113,0.109,2754228.703338169,2.42102904673618e-09,0.010723865391773066,-5.980589366376384
EPIC224467724,271.091,-24.19378,y,y,2.0,QPS,16.287,14.904,14.082,13.701,13.865,G5,0.29,3.709,1.635,2.061,6.79,-8.133,0.056,,6165950.018614822,7.362070974947376e-09,0.21351775699630487,-5.584183243599659
EPIC224493585,270.599,-24.147,?,y,1.0,QPS,19.413,17.624,16.234,15.436,15.735,G9,2.222,2.582,1.548,1.87,6.78,-8.217,0.271,0.194,6025595.860743581,6.067363295885047e-09,0.1897709563468738,-5.645305028369567
EPIC248368907,270.85671,-24.34914,y,n,1.0,N,17.365,16.239,15.529,15.245,15.142,G2,0.843,1.642,1.139,1.291,7.27,-8.349,0.155,0.295,18620871.366628658,4.477133041763623e-09,0.05652372407910037,-5.424415333348675
EPIC248368908,270.84604,-24.468,?,,1.0,QPS,18.401,17.014,16.179,15.866,15.845,G8.25,0.904,0.984,1.049,1.129,7.32,-8.561,0.033,0.348,20892961.308540408,2.7478941531023973e-09,0.02077548819355783,-5.575229833622785
EPIC248368914,270.95392,-24.26136,y,n,0.0,P,19.935,17.588,16.313,15.74,16.036,K5,0.279,0.699,1.059,1.439,6.71,-8.479,0.305,,5128613.839913649,3.31894457552611e-09,0.024895960107484977,-5.748694826864744
2MASS J18023732-2416240,270.65543,-24.27338,y,y*,2.0,,19.23,17.984,16.496,15.694,15.748,K7.25,0.382,0.794,0.745,1.767,6.24,-8.533,0.079,0.176,1737800.8287493763,2.930893245250324e-09,-0.12784372725170717,-5.822324126111663
2MASS J18024882-2421085,270.70346,-24.35241,?,y,2.0,,20.021,17.627,16.273,15.523,15.731,G9.75,1.899,1.909,1.427,1.64,6.88,-8.89,0.36,,7585775.7502918355,1.2882495516931322e-09,0.15442397311464698,-6.23701968027142
2MASS J18025108-2419231,270.71285,-24.32311,?,y,1.0,,,19.004,17.375,16.548,16.957,K5,1.738,0.878,1.046,1.612,6.53,-9.207,0.419,,3388441.5613920274,6.208690342300624e-10,0.01953168453125545,-6.544599276334784
2MASS J18025113-2418077,270.71307,-24.30218,y,y,2.0,,19.782,18.624,17.079,16.246,16.411,K6.5,0.846,0.629,0.891,1.499,6.55,-8.887,0.35,0.472,3548133.892335753,1.2971792709839546e-09,-0.0501222959631252,-6.137211784238376
2MASS J18025245-2418444,270.71859,-24.31234,y,y,1.0,,16.506,15.286,14.101,13.595,13.426,K4.75,0.0,4.166,0.936,3.453,5.54,-7.263,0.176,0.295,346736.85045253165,5.45757861091271e-08,-0.028724151261894745,-4.952760824840082
2MASS J18025330-2420273,270.72212,-24.34093,?,y,1.0,,18.705,17.906,16.609,15.761,15.727,F9.25,3.044,3.537,1.382,1.75,7.08,-7.426,0.082,0.091,12022644.34617413,3.749730022454834e-08,0.14050804303817957,-4.674979983042733
2MASS J18025381-2420194,270.72425,-24.33876,y,y*,1.0,,17.49,16.246,15.131,14.586,14.597,K0,0.788,2.168,1.469,1.76,6.8,-8.26,0.27,0.261,6309573.44480193,5.495408738576248e-09,0.16702179579025653,-5.654227144698083
2MASS J18030561-2407390,270.7734,-24.12755,?,n,2.0,,14.843,13.736,13.317,13.129,13.214,F3,0.0,5.998,1.428,1.791,7.11,-7.609,0.024,,12882495.51693135,2.4603676041476274e-08,0.15472820744015556,-4.861808356372868
2MASS J18030976-2422325,270.79069,-24.37575,?,y,1.0,,,20.112,18.462,17.33,17.709,G2.25,4.493,2.209,1.274,1.505,7.13,-7.782,0.292,0.426,13489628.825916532,1.6519617982290148e-08,0.10516942799933163,-4.9702600373253425
2MASS J18031508-2416020,270.81285,-24.26722,?,y,1.0,,,19.441,17.768,16.873,17.136,K5,2.016,0.776,1.057,1.516,6.63,-8.82,0.05,0.133,4265795.188015926,1.5135612484362073e-09,0.024074987307426243,-6.121651177796225
2MASS J18031881-2422503,270.82837,-24.3807,?,n,2.0,,16.331,15.099,14.469,14.205,14.36,G2.75,0.0,2.086,1.265,1.477,7.13,-8.089,0.019,,13489628.825916532,8.147042840208388e-09,0.10209052551183669,-5.273760714948567
2MASS J18031901-2428067,270.82927,-24.46854,y,n,1.0,,,19.411,17.67,16.533,16.955,G6.25,4.215,3.589,1.666,2.073,6.76,-7.79,0.11,0.43,5754399.373371567,1.6218100973589297e-08,0.22167499707076876,-5.262787878471839
2MASS J18032211-2425350,270.84216,-24.42637,y,,1.0,,,19.967,18.245,17.235,17.547,K2.75,3.013,0.955,1.216,1.437,6.85,-8.483,0.597,0.956,7079457.843841373,3.2885163087598263e-09,0.08493357493671612,-5.763373998953327
2MASS J18032507-2400330,270.85448,-24.00919,?,n,2.0,,14.037,12.861,12.747,12.708,12.762,A5.25,0.0,12.318,1.904,1.778,6.9,-7.431,0.057,,7943282.347242822,3.7068072178257595e-08,0.27966694404845555,-4.912142049584444
2MASS J18032526-2409381,270.85522,-24.16068,?,n,2.0,,14.654,13.552,13.233,13.086,13.167,A9.5,0.023,6.991,1.654,1.646,7.05,-7.495,0.042,,11220184.54301963,3.198895109691397e-08,0.21853550521652784,-4.844995522505589
2MASS J18032544-2415267,270.85604,-24.25732,y,n*,1.0,,,19.885,18.304,17.337,17.582,G8.5,3.17,0.843,1.001,1.053,7.39,-8.654,0.327,0.481,24547089.156850286,2.2181964198002196e-09,0.0004340774793185929,-5.616332583192587
2MASS J18032950-2413209,270.87293,-24.22248,?,n,2.0,,15.058,13.923,13.406,13.186,13.286,F9.25,0.123,6.218,1.671,2.321,6.85,-7.621,0.056,,7079457.843841373,2.393315756405385e-08,0.22297644989339135,-5.058266438143066
2MASS J18033481-2419577,270.89511,-24.33271,y,n*,1.0,,,19.34,17.415,16.235,16.069,K2.75,3.914,4.346,1.392,3.065,5.87,-6.82,0.161,0.197,741310.2413009177,1.5135612484362072e-07,0.14363923527454328,-4.569991310096571
2MASS J18033683-2424149,270.90347,-24.40415,y,y,1.0,,,18.162,16.569,15.701,16.13,K4.25,2.044,2.269,1.044,2.464,5.98,-8.135,0.528,,954992.5860214368,7.328245331389044e-09,0.01870049866624337,-5.697769399929216
2MASS J18034034-2425048,270.91811,-24.41802,y,y,1.0,,,18.771,16.908,15.916,16.045,K5,2.695,2.972,0.895,2.967,5.69,-7.339,0.114,0.179,489778.81936844665,4.5814188671453304e-08,-0.04817696468408802,-4.944984082001528
2MASS J18034053-2423321,270.91899,-24.39227,y,y,0.0,,,17.994,16.544,15.689,16.114,M0.25,0.15,0.997,0.433,2.397,5.7,-8.67,0.746,,501187.2336272725,2.1379620895022324e-09,-0.36351210364663455,-5.9134791863133085
2MASS J18034124-2414503,270.92188,-24.24727,y,n,1.0,,,18.763,17.218,16.371,16.707,K3.25,2.092,1.198,1.254,1.677,6.6,-8.802,0.408,,3981071.7055349695,1.57761126969935e-09,0.09829753649469763,-6.200342248645526
2MASS J18034253-2416451,270.92724,-24.27922,y,,1.0,,,19.766,18.24,17.179,17.359,F7.25,4.265,2.164,1.176,1.263,7.33,-7.733,0.352,0.693,21379620.895022325,1.8492686189780797e-08,0.07040732174011965,-4.799527647300188
2MASS J18034495-2416085,270.93729,-24.26903,y,y,2.0,,19.365,17.789,16.408,15.797,15.753,K5,0.616,0.922,0.914,1.738,6.36,-9.168,0.766,,2290867.6527677746,6.792036326171857e-10,-0.039053804266168564,-6.508904050998635
2MASS J18035008-2423230,270.95869,-24.38973,y,,1.0,,,19.391,17.998,17.231,17.105,K1.25,1.906,0.421,0.83,0.842,7.6,-8.669,0.239,0.533,39810717.05534969,2.1428906011200563e-09,-0.08092190762392612,-5.452532806109421
2MASS J18035522-2419281,270.98011,-24.32449,y,n,1.0,,,19.992,18.131,17.03,17.392,K4,3.348,1.569,1.135,2.015,6.27,-8.079,0.394,0.792,1862087.1366628655,8.336811846196332e-09,0.05499586152914153,-5.563796673716452
2MASS J18040521-2423448,271.02169,-24.3958,?,,2.0,,19.582,18.009,16.973,16.543,16.381,K2.75,0.0,0.251,0.739,0.737,7.73,-9.405,0.155,0.312,53703179.63702533,3.9355007545577804e-10,-0.13135556160517428,-6.077767188260664
2MASS J18041060-2425480,271.04425,-24.43,y,,1.0,,20.086,19.396,17.895,16.932,16.535,G4.5,3.407,1.489,1.151,1.293,7.23,-7.612,0.149,0.153,16982436.52461746,2.4434305526939713e-08,0.06107532362979181,-4.709033160759668
2MASS J18041244-2411516,271.05188,-24.19767,y,y,2.0,,18.298,17.926,16.647,16.096,15.588,K5,0.23,0.491,1.008,1.205,6.99,-8.42,0.113,0.116,9772372.209558113,3.8018939632056126e-09,0.003460532109506489,-5.550219428206348
2MASS J18041407-2422550,271.05857,-24.38192,?,,1.0,,,19.237,17.855,17.147,17.364,K7,0.0,0.161,0.728,0.784,7.52,-10.469,0.727,,33113112.148259077,3.3962527259040885e-11,-0.13786862068696282,-7.2206995243347425
2MASS J18041410-2412075,271.05879,-24.20205,?,y,1.0,,,19.758,18.055,16.756,16.96,F0.25,6.043,12.226,1.701,2.236,6.93,-6.669,0.238,0.257,8511380.38202376,2.1428906011200605e-07,0.23070431361256905,-4.082160104562051
2MASS J18042376-2425015,271.09898,-24.41713,?,?,1.0,,,19.735,17.939,16.603,17.169,F3.5,5.979,12.234,1.764,2.596,6.86,-6.973,0.198,0.359,7244359.600749906,1.0641430182243164e-07,0.24649858079580092,-4.432889305281972
2MASS J18042871-2418161,271.11963,-24.30447,?,?,1.0,P,,19.317,17.663,16.74,16.601,K6.5,1.327,0.542,0.919,1.394,6.68,-8.475,0.196,0.437,4786300.923226381,3.3496543915782794e-09,-0.03668448861388872,-5.6870391876947615
2MASS J18043439-2409250,271.14335,-24.15711,?,n,2.0,,14.741,13.566,13.12,12.911,13.002,F3,0.06,7.517,1.579,2.005,7.0,-7.69,0.069,,10000000.0,2.0417379446695274e-08,0.19838213000829422,-5.037646123223533
2MASS J18043780-2424410,271.1575,-24.41139,?,y*,1.0,QPS,,19.273,17.518,16.481,16.93,K7.75,1.565,0.877,0.668,1.919,6.08,-8.794,0.379,0.897,1202264.4346174132,1.6069412530128755e-09,-0.1752235375244543,-6.095253520947216
2MASS J18043948-2429473,271.16474,-24.49635,?,n*,1.0,,,19.747,17.947,16.811,17.375,G9.25,3.988,2.324,1.488,1.786,6.81,-8.406,0.305,0.926,6456542.290346549,3.926449353995993e-09,0.1726029312098599,-5.802459198159189
2MASS J18044346-2425302,271.18105,-24.42506,?,n,1.0,,,19.515,17.714,16.618,17.074,K9,1.743,1.033,0.525,2.246,5.8,-8.645,0.252,,630957.344480193,2.2646443075930617e-09,-0.2798406965940431,-5.942464025583268
2MASS J18044445-2410172,271.18523,-24.17147,?,y*,1.0,,20.226,18.638,16.949,16.009,16.333,K5.75,1.81,1.48,0.845,2.193,6.02,-8.277,0.213,0.778,1047128.5480508985,5.284452517751813e-09,-0.07314329105030767,-5.718939754149222
2MASS J18044541-2424398,271.18922,-24.41108,y,y*,1.0,,,19.427,17.605,16.349,16.619,M1,1.703,1.582,0.362,3.191,5.01,-7.6,0.107,0.193,102329.29922807537,2.511886431509582e-08,-0.4412914294668343,-5.038750503804559
2MASS J18044729-2417459,271.1972,-24.29606,y,n,1.0,,,19.814,18.102,16.981,17.256,G5.5,4.178,2.336,1.402,1.65,6.97,-7.784,0.263,0.267,9332543.007969905,1.6443717232149325e-08,0.14674801363063983,-5.085294974364171
2MASS J18045043-2425560,271.21015,-24.4323,?,,2.0,,,20.033,18.382,17.537,17.872,K5,1.835,0.376,0.945,1.056,7.16,-9.425,0.294,,14454397.70745928,3.7583740428844356e-10,-0.024568191490737076,-6.453473389871096
2MASS J18045276-2424284,271.21987,-24.40783,y,y*,1.0,,,19.761,17.838,16.815,17.088,K5,2.91,1.503,0.954,2.11,6.13,-7.906,0.244,0.376,1348962.8825916534,1.2416523075924119e-08,-0.020451625295904902,-5.362603432859135
2MASS J18045624-2426256,271.23441,-24.44048,?,y,2.0,,15.534,14.355,13.743,13.481,13.607,G2.25,0.0,4.078,1.605,2.045,6.86,-7.852,0.024,,7244359.600749906,1.4060475241299129e-08,0.20547503674089088,-5.265264052852228
2MASS J18045887-2411403,271.24534,-24.19451,y,y,1.0,,,19.943,18.185,17.161,17.56,K7,1.585,0.442,0.883,1.298,6.76,-9.254,0.373,,5754399.373371567,5.571857489319304e-10,-0.05403929642243141,-6.413425178374494
2MASS J18051076-2421428,271.29484,-24.36185,?,y,1.0,,20.46,18.637,17.017,16.214,16.494,K5,1.655,1.162,0.963,1.88,6.28,-8.873,0.251,0.365,1905460.7179632483,1.3396766874259372e-09,-0.0163737128754655,-6.272570504031368
2MASS J18052859-2415271,271.36915,-24.25753,?,n,2.0,,14.201,13.137,13.014,12.974,13.023,A5.75,0.0,9.528,1.704,1.595,7.08,-7.33,0.043,,12022644.34617413,4.6773514128719815e-08,0.2314695904306813,-4.682362204308131
GES J18034300-2420123,270.92918,-24.33675,y,n*,1.0,,,18.318,16.748,15.841,16.046,K1.75,2.606,2.46,1.596,2.104,6.48,-8.147,0.212,,3019951.720402019,7.1285303012651914e-09,0.20303288701471064,-5.7137132065163705
GES J18034423-2426059,270.93429,-24.43495,y,n,1.0,,,19.073,17.609,16.754,16.463,M0.25,0.181,0.383,0.497,1.485,6.29,-8.421,0.153,0.104,1949844.5997580455,3.7931498497368245e-09,-0.3036436112666679,-5.489963118816377
GES J18034663-2421497,270.94429,-24.3638,y,y,1.0,,,18.358,17.1,16.198,16.42,F2.25,3.79,4.358,1.542,1.445,7.18,-7.714,0.365,1.413,15135612.484362071,1.9319683170169222e-08,0.1880843737149382,-4.97594101302792
GES J18035052-2418249,270.96049,-24.30692,y,,1.0,,,19.141,17.62,16.745,16.949,K1.25,2.476,0.96,1.153,1.271,7.09,-8.517,0.304,0.712,12302687.70812381,3.040885025676283e-09,0.06182930729469903,-5.672446596116288
GES J18035323-2420519,270.97177,-24.34779,y,,1.0,,,19.89,18.196,17.046,16.678,M1,1.138,0.574,0.408,1.921,5.91,-7.828,0.019,0.044,812830.5161640996,1.4859356422870059e-08,-0.3893398369101201,-4.955789967292746
GES J18035438-2423545,270.97666,-24.39846,y,,0.0,,,19.401,17.921,16.995,17.49,M0.75,0.181,0.316,0.458,1.399,6.34,-9.208,0.927,,2187761.623949552,6.194410750767812e-10,-0.3391345219961308,-6.216070081641814
GES J18035516-2419193,270.97983,-24.32199,y,n,1.0,,,19.51,17.774,16.882,16.968,K7.75,1.54,0.691,0.707,1.699,6.27,-8.452,0.223,0.325,1862087.1366628655,3.53183169791957e-09,-0.1505805862031006,-5.703149045508214
GES J18035938-2425153,270.99734,-24.42088,y,y,1.0,,,18.471,17.308,16.765,15.69,K2.75,0.535,0.288,0.77,0.788,7.65,-8.096,0.233,0.23,44668359.21509635,8.01678063387679e-09,-0.11350927482751812,-4.821939787325595
GES J18040334-2420456,271.01393,-24.34602,?,,1.0,,,19.009,17.707,16.984,16.095,G9,1.828,0.479,0.875,0.805,7.65,-8.067,0.107,0.173,44668359.21509635,8.570378452303692e-09,-0.057991946977686754,-4.856037929742509
GES J18040429-2425040,271.01792,-24.41776,y,n,1.0,,,18.975,17.531,16.755,16.029,K7.75,0.183,0.278,0.827,1.077,7.01,-8.443,0.031,0.674,10232929.922807537,3.605786430216427e-09,-0.08249449044745336,-5.467305009230627
GES J18040483-2422240,271.02013,-24.37334,y,n,1.0,,,19.257,17.682,16.754,17.073,M0,0.732,0.542,0.495,1.736,6.09,-9.092,0.363,,1230268.770812381,8.090958991783813e-10,-0.3053948010664313,-6.241196372552553
GES J18040689-2429324,271.02871,-24.49233,y,n,1.0,,,19.388,17.687,16.773,17.172,K5,2.128,0.917,1.039,1.648,6.5,-9.151,0.528,,3162277.6601683795,7.063175542629623e-10,0.016615547557177382,-6.497618479791116
GES J18041539-2428262,271.06414,-24.47393,y,n,1.0,,,19.122,17.424,16.52,16.851,K5,2.095,1.135,1.002,1.833,6.33,-8.758,0.426,,2137962.0895022326,1.7458221529205075e-09,0.0008677215312269133,-6.1566103410106
GES J18050602-2422456,271.27512,-24.37935,?,y,1.0,,19.674,17.898,16.452,15.747,16.015,K5,1.009,1.282,0.819,2.086,6.07,-8.71,0.519,0.754,1174897.5549395303,1.9498445997580416e-09,-0.08671609823958155,-6.115957707331191
SCB142,270.91784,-24.38891,y,n,2.0,,16.649,14.932,13.8,13.271,13.319,K2.25,0.543,6.941,1.686,3.686,5.77,-7.366,0.333,0.266,588843.6553555884,4.30526610491711e-08,0.2268575702887235,-5.251684777054441
SCB166,270.92902,-24.36933,y,n,1.0,,,16.847,15.221,14.438,14.239,K5,1.615,5.705,0.902,4.11,5.36,-6.558,0.331,0.282,229086.76527677747,2.766941645411513e-07,-0.04479346245805826,-4.303498480837067
SCB184,270.93833,-24.39032,y,y,1.0,,18.555,17.695,16.115,15.366,14.939,K5,1.423,2.136,0.914,2.515,5.89,-7.224,0.041,0.073,776247.1166286912,5.970352865838366e-08,-0.039053804266168564,-4.758129431306479
SCB229,270.95869,-24.35413,y,,1.0,,,18.105,16.536,15.812,15.907,K7.5,0.666,0.996,0.677,2.009,6.03,-8.362,0.301,0.269,1071519.305237607,4.345102241715715e-09,-0.16941133131485567,-5.690415267422607
SCB238,270.96131,-24.33696,y,n*,1.0,,18.7,17.42,16.118,15.431,15.062,K1.5,1.46,1.667,1.42,1.703,6.75,-7.612,0.258,0.219,5623413.251903491,2.4434305526939713e-08,0.15228834438305647,-5.010037752338759
SCB268,270.97625,-24.3847,y,n,1.0,,13.078,12.285,12.243,12.215,12.187,A2,0.431,32.617,1.758,2.402,6.72,-7.055,0.228,,5248074.602497723,8.810488730080147e-08,0.24501887073775308,-4.570764039117725
SCB274,270.98032,-24.2833,y,,2.0,,16.956,15.354,14.411,13.98,14.138,K0.25,0.523,3.578,1.786,2.297,6.51,-8.906,0.488,,3235936.569296281,1.2416523075924095e-09,0.25188145455252764,-6.515898443682708
SCB280,270.98428,-24.37444,?,n*,1.0,P,17.849,16.528,15.78,15.489,15.248,G3.75,0.982,1.489,1.137,1.273,7.26,-8.101,0.137,0.184,18197008.586099826,7.925013304804703e-09,0.05576046468773478,-5.179659030244272
SCB284,270.98797,-24.28344,y,n,2.0,,18.244,16.379,15.536,15.072,15.408,F7,1.77,3.418,1.281,1.577,7.2,-8.008,0.054,,15848931.924611142,9.817479430199865e-09,0.10754912974468628,-5.170186435931786
SCB294,270.99325,-24.48691,y,n,2.0,,13.165,12.503,12.439,12.418,12.4,A3.5,0.308,22.863,1.966,2.243,6.8,-6.78,0.085,,6309573.44480193,1.6595869074375596e-07,0.29358351349611683,-4.318070690445358
SCB353,271.01745,-24.4756,?,n,2.0,,15.162,14.085,13.528,13.284,13.432,F6.75,0.541,7.811,1.636,2.355,6.91,-7.433,0.033,,8128305.161640995,3.689775985701505e-08,0.21378329933530416,-4.835150905725837
SCB394,271.03329,-24.41178,y,n*,1.0,QPS,,18.047,16.576,15.924,15.688,K8.5,0.462,0.954,0.577,2.09,5.91,-8.042,0.316,0.713,812830.5161640996,9.07820530178186e-09,-0.2388241868442686,-5.340858321834565
SCB423,271.04471,-24.33981,y,n*,2.0,MP/P,17.368,15.809,14.773,14.262,14.607,G8.25,0.791,2.994,1.586,1.97,6.76,-8.293,0.039,,5754399.373371567,5.093308710571963e-09,0.20030318298158503,-5.741497772637588
SCB478,271.06329,-24.31864,y,y,1.0,U,18.941,17.228,16.066,15.584,15.502,G5.75,2.623,4.521,1.812,2.305,6.65,-7.755,0.14,0.106,4466835.921509635,1.757923613958693e-08,0.25815819334079426,-5.3144757662358355
SCB488,271.06688,-24.46594,y,y*,2.0,,19.068,17.032,15.523,14.792,15.008,K7.5,0.878,3.152,0.584,3.574,5.34,-7.777,0.269,0.635,218776.16239495517,1.671090614310707e-08,-0.23358715288760054,-5.316147628908928
SCB493,271.06802,-24.41753,y,n*,2.0,?,18.067,16.701,15.915,15.518,15.864,G0.75,1.089,1.383,1.059,1.155,7.38,-8.17,0.009,,23988329.190194897,6.760829753919819e-09,0.024895960107484977,-5.164245880468458
SCB528,271.07928,-24.26248,?,n*,2.0,,18.267,16.404,15.65,15.249,15.606,F7.5,1.387,2.246,1.172,1.295,7.32,-8.202,0.027,,20892961.308540408,6.28058358813318e-09,0.06892761168207182,-5.270957063178454
SCB540,271.08346,-24.38006,y,y,1.0,S,18.645,17.053,15.713,15.042,15.177,K3.5,1.132,2.197,1.196,2.309,6.13,-8.116,0.167,0.21,1348962.8825916534,7.65596606911257e-09,0.07773117965239203,-5.684192964442444
SCB575,271.09231,-24.25139,y,,2.0,,19.056,17.296,16.149,15.597,15.88,K1.75,0.726,0.892,1.146,1.267,7.08,-8.999,0.073,,12022644.34617413,1.0023052380778983e-09,0.05918461763137114,-6.155551956030521
SCB58,270.86861,-24.2728,y,n,2.0,,17.383,15.899,15.132,14.804,14.96,G7.5,0.278,1.47,1.215,1.358,7.13,-8.404,0.035,,13489628.825916532,3.944573020752785e-09,0.08457627793433102,-5.568854921014108
SCB580,271.09428,-24.34229,y,n,2.0,,17.555,15.269,13.99,13.438,13.727,K2.25,1.379,11.877,1.85,4.821,5.52,-8.024,0.299,0.154,331131.1214825908,9.46237161365795e-09,0.26717172840301384,-6.058283235482075
SCB614,271.10532,-24.38083,y,y*,1.0,,,16.868,15.573,14.941,15.215,K3.5,0.928,2.11,1.202,2.262,6.16,-8.968,0.355,,1445439.770745928,1.0764652136298349e-09,0.0799044676667207,-6.526329477025195
SCB649,271.11758,-24.42997,y,y,1.0,QPS,19.126,17.716,16.396,15.745,15.782,K3.75,0.995,1.067,1.196,1.635,6.6,-8.784,0.192,0.254,3981071.7055349695,1.644371723214929e-09,0.07773117965239203,-6.1589675841346025
SCB680,271.12838,-24.38108,y,n*,2.0,P,19.002,16.516,15.09,14.405,14.711,K7.5,0.456,3.287,0.583,3.65,5.3,-8.273,0.408,,199526.2314968879,5.333348954876213e-09,-0.23433144524098595,-5.827746417678654
SCB687,271.1304,-24.53902,?,,2.0,,14.425,13.216,13.071,13.024,13.071,A6.5,0.0,8.869,1.67,1.586,7.1,-7.535,0.103,,12589254.117941663,2.9174270140011658e-08,0.22271647114758325,-4.869191502047438
SCB726,271.14622,-24.43685,y,y*,2.0,,19.536,17.93,16.436,15.732,15.854,K7.5,0.556,1.017,0.675,2.03,6.01,-8.338,0.163,0.337,1023292.9922807537,4.5919801283686944e-09,-0.17069622716897506,-5.673177277420147
SCB749,271.15462,-24.40483,y,y,2.0,P,19.357,17.225,15.988,15.443,15.734,G6.25,2.826,5.722,1.991,2.617,6.53,-8.196,0.16,0.237,3388441.5613920274,6.367955209079162e-09,0.2990712600274096,-5.851309595418044
SCB779,271.16927,-24.43051,?,,2.0,,18.965,17.002,15.936,15.377,15.741,G7,1.116,1.342,1.133,1.285,7.2,-8.757,0.064,,15848931.924611142,1.7498466886246582e-09,0.05422990986339725,-5.8585865500956285
SCB876,271.20944,-24.34498,y,n,2.0,,20.044,17.839,16.484,15.792,16.182,K0.75,2.184,2.152,1.505,1.841,6.71,-9.152,0.444,,5128613.839913649,7.046930689671482e-10,0.17753649992986212,-6.595178221929411
SCB891,271.02655,-24.27114,y,y,1.0,,18.731,18.801,17.476,16.701,16.328,G7,2.263,0.844,0.971,1.019,7.44,-7.864,0.029,0.139,27542287.03338169,1.3677288255958495e-08,-0.012780770091995148,-4.79075737488477
SCB893,271.07401,-24.28596,y,,1.0,,19.958,18.165,16.622,15.845,16.03,K7.75,0.883,1.175,0.629,2.216,5.88,-8.343,0.149,0.28,758577.5750291835,4.539416166502032e-09,-0.20134935455473107,-5.6967838257138315
SCB895,271.09458,-24.26808,y,n,1.0,,19.736,18.667,16.909,15.985,16.177,K5,2.281,2.115,0.914,2.502,5.89,-7.641,0.243,0.26,776247.1166286912,2.28559880337543e-08,-0.039053804266168564,-5.175129431306479
SCB897,271.1246,-24.24154,y,y,2.0,,19.929,18.853,17.22,16.254,16.161,K9.5,0.994,0.947,0.492,2.22,5.8,-7.863,0.105,0.087,630957.344480193,1.3708817661648522e-08,-0.30803489723263966,-5.128419945723424
SCB900,271.18405,-24.25694,y,y,1.0,,,18.112,16.337,15.33,15.775,K7.75,1.867,3.455,0.559,3.8,5.1,-7.671,0.216,0.197,125892.54117941661,2.133044913146575e-08,-0.25258819211357664,-5.287220303282615
VPHAS J180233.5-241454.8,270.63977,-24.24856,y,,1.0,,19.277,18.071,16.522,15.791,16.092,K5,1.306,1.335,0.974,1.988,6.21,-8.788,0.264,,1621810.09735893,1.6292960326397214e-09,-0.011441043121384482,-6.221954971169847
VPHAS J180235.6-241302.4,270.64832,-24.21734,?,y,1.0,,,19.738,18.158,17.093,17.054,G2.75,4.092,2.087,1.265,1.477,7.13,-7.72,0.145,0.259,13489628.825916532,1.9054607179632482e-08,0.10209052551183669,-4.904760714948567
VPHAS J180240.0-241934.6,270.66665,-24.32627,?,y,1.0,,20.08,19.088,17.643,16.755,16.941,G6.25,2.899,1.229,1.17,1.213,7.19,-8.324,0.117,0.107,15488166.189124828,4.7424198526024486e-09,0.06818586174616162,-5.4455593462690555
VPHAS J180241.0-241216.2,270.67073,-24.20451,y,?,1.0,,19.199,17.943,16.628,15.955,16.039,K2.5,1.274,0.967,1.217,1.41,6.89,-8.533,0.593,0.438,7762471.166286912,2.930893245250324e-09,0.08529057823006501,-5.797335037336433
VPHAS J180243.3-241743.2,270.68045,-24.29534,y,,1.0,,18.625,17.764,16.58,15.916,16.023,G6.5,1.703,1.208,1.167,1.208,7.19,-8.649,0.263,0.595,15488166.189124828,2.2438819237827707e-09,0.06707085604537019,-5.769292088077261
VPHAS J180247.3-241820.5,270.6972,-24.3057,?,?,1.0,,,20.025,18.445,17.414,17.569,G4.5,3.762,1.207,1.07,1.164,7.33,-8.047,0.063,0.078,21379620.895022325,8.974287945007472e-09,0.029383777685209667,-5.066902394870445
VPHAS J180247.9-241412.4,270.69974,-24.23678,?,,1.0,,,18.936,17.541,16.933,16.802,K5,0.639,0.3,0.867,0.942,7.34,-9.09,0.383,0.328,21877616.23949552,8.128305161640995e-10,-0.06198090252378971,-6.001950815253899
VPHAS J180248.8-241547.5,270.70348,-24.2632,?,,1.0,,,19.991,18.345,17.299,17.724,G7,3.693,1.249,1.128,1.24,7.24,-8.529,0.3,0.339,17378008.28749376,2.9580124665515463e-09,0.05230909964732344,-5.611958742675396
VPHAS J180249.8-241350.9,270.70766,-24.23081,y,y,2.0,,19.827,19.668,18.063,17.176,17.041,K4,2.213,0.649,1.09,1.296,6.93,-8.324,0.064,0.067,8511380.38202376,4.7424198526024486e-09,0.037426497940623665,-5.51749046966381
VPHAS J180250.4-241822.3,270.70993,-24.30619,?,y,1.0,,20.186,19.279,17.784,16.714,17.109,F4.5,4.484,4.008,1.344,1.531,7.2,-7.653,0.365,0.552,15848931.924611142,2.2233098906514052e-08,0.12839926871780646,-4.838883632632192
VPHAS J180251.4-241713.2,270.71408,-24.287,?,y*,1.0,,,16.161,15.333,14.853,14.849,F6.75,1.222,2.496,1.208,1.331,7.3,-8.287,0.185,0.277,19952623.149688788,5.1641636927207e-09,0.08206693428511301,-5.379112898774455
VPHAS J180252.2-241126.2,270.71766,-24.19062,y,n*,2.0,,,18.374,16.903,16.196,16.754,K5,1.069,0.913,0.842,1.786,6.29,-9.625,0.593,,1949844.5997580455,2.371373705661655e-10,-0.07468790850035051,-6.954182407096794
VPHAS J180307.3-241933.9,270.78042,-24.32611,?,n,2.0,,,20.239,18.453,17.125,18.009,F3.5,5.936,7.35,1.572,2.012,7.0,-9.591,2.032,,10000000.0,2.564484036517721e-10,0.1964525417033891,-6.9364530522962315
VPHAS J180316.6-241934.1,270.81897,-24.32613,y,,1.0,,,19.724,18.186,17.057,17.224,F2.75,4.951,4.179,1.484,1.467,7.16,-7.443,0.173,0.173,14454397.70745928,3.6057864302164274e-08,0.17143390094300825,-4.694239297766554
VPHAS J180317.5-241801.5,270.82296,-24.30042,?,,1.0,,,19.507,17.945,17.234,17.295,K5,1.282,0.35,0.941,1.019,7.18,-9.288,0.341,,15135612.484362071,5.152286445817561e-10,-0.026410376572743116,-6.306157300347419
VPHAS J180322.2-242014.0,270.84265,-24.33722,?,,1.0,,,19.582,17.836,16.956,17.201,K5,2.138,0.793,1.055,1.532,6.61,-8.683,0.383,0.793,4073802.7780411304,2.0749135174549106e-09,0.023252459633711444,-5.9919386917116615
VPHAS J180331.0-240727.0,270.87916,-24.12418,?,n*,2.0,,19.635,18.436,17.013,16.299,16.445,K5.75,0.621,0.518,0.991,1.297,6.84,-8.998,0.421,0.525,6918309.709189363,1.0046157902783968e-09,-0.0039263455147246756,-6.181491557194356
VPHAS J180331.4-241836.4,270.88096,-24.31012,y,?,1.0,,,19.425,17.922,17.088,16.515,K8.25,0.436,0.257,0.786,1.068,6.99,-8.806,0.341,,9772372.209558113,1.563147642640957e-09,-0.10457745396059209,-5.813429004108003
VPHAS J180337.3-243216.7,270.90555,-24.53799,?,n*,1.0,,,18.999,17.676,16.991,17.037,K2.25,1.38,0.392,0.843,0.876,7.53,-9.017,0.354,0.537,33884415.61392027,9.616122783836659e-10,-0.07417242537525769,-5.836982168983486
VPHAS J180337.6-243217.7,270.90661,-24.53824,?,,1.0,,,19.434,18.058,17.396,17.221,K5,0.739,0.206,0.742,0.781,7.6,-9.105,0.261,0.321,39810717.05534969,7.852356346100711e-10,-0.12959609472097294,-5.833212225879328
VPHAS J180345.3-243233.5,270.93858,-24.54265,?,,1.0,,,19.035,17.664,16.943,17.114,K2.5,1.525,0.459,0.919,0.972,7.38,-9.411,0.344,,23988329.190194897,3.8815036599064864e-10,-0.03668448861388872,-6.335256706385207
VPHAS J180347.9-240856.7,270.94964,-24.14909,?,?,1.0,,,19.627,18.066,17.077,17.11,G6,3.447,1.314,1.129,1.249,7.24,-8.101,0.34,,17378008.28749376,7.925013304804703e-09,0.05269394192496786,-5.18439613463541
VPHAS J180349.9-241720.7,270.95806,-24.28908,y,y*,1.0,,,18.702,17.152,16.248,16.458,K1,2.65,1.684,1.426,1.656,6.8,-8.259,0.159,0.281,6309573.44480193,5.5080769640540295e-09,0.15411952551584673,-5.638563087208173
VPHAS J180400.1-243318.0,271.00046,-24.55498,?,,1.0,,,19.429,17.997,17.381,17.09,K5,0.742,0.214,0.759,0.795,7.57,-8.847,0.418,0.362,37153522.90971728,1.4223287871228214e-09,-0.11975822410451964,-5.598726979076644
VPHAS J180403.3-243309.6,271.01363,-24.55266,?,,1.0,,,19.425,17.788,16.976,16.993,K5,1.716,0.586,1.044,1.318,6.85,-8.733,0.259,0.543,7079457.843841373,1.8492686189780759e-09,0.01870049866624337,-5.938096887444486
VPHAS J180404.2-241743.1,271.01748,-24.29529,y,?,1.0,,19.999,19.261,17.818,16.704,16.826,A8,5.308,8.745,1.743,1.703,7.0,-6.4,0.125,0.121,10000000.0,3.981071705534969e-07,0.2412973871099932,-3.796421399508192
VPHAS J180404.3-242901.2,271.01773,-24.48366,?,n*,2.0,,,20.143,18.576,17.298,18.456,A3.75,6.572,14.221,1.965,1.789,6.88,-7.162,0.82,,7585775.7502918355,6.886522963442762e-08,0.2933625547114455,-4.666930133607934
VPHAS J180408.6-243156.8,271.03589,-24.53244,?,,1.0,,,19.615,18.017,17.239,17.258,K5,2.54,1.029,1.02,1.746,6.41,-8.334,0.338,0.321,2570395.7827688647,4.634469197362884e-09,0.00860017176191757,-5.708509220222921
VPHAS J180413.7-241725.3,271.05696,-24.29036,y,n*,1.0,,,19.002,17.319,16.437,16.71,K5,2.004,1.156,0.998,1.85,6.32,-8.472,0.21,0.294,2089296.1308540408,3.3728730865886923e-09,-0.0008694587126288914,-5.872747129504202
VPHAS J180419.9-242823.7,271.08278,-24.47326,y,y,1.0,,19.585,18.731,16.943,15.956,15.912,K8.5,1.638,1.775,0.526,2.852,5.55,-7.361,0.033,0.055,354813.3892335753,4.355118736855688e-08,-0.27901425584626094,-4.762182773286166
VPHAS J180420.3-242752.0,271.08461,-24.46448,y,n*,1.0,,,19.363,17.969,17.142,16.607,M0.5,0.0,0.251,0.5,1.224,6.55,-8.547,0.022,0.05,3548133.892335753,2.837919028441552e-09,-0.3010299956639812,-5.512042984110816
VPHAS J180437.5-242447.9,271.15622,-24.41332,y,?,1.0,,,20.274,18.535,17.291,17.749,F7,5.245,3.736,1.312,1.649,7.17,-7.65,0.32,0.528,14791083.881682072,2.2387211385683378e-08,0.11793383503964149,-4.836322693328945
VPHAS J180443.5-242057.6,271.18127,-24.34935,?,n*,1.0,,,20.154,18.558,17.81,17.824,K5,1.456,0.231,0.781,0.826,7.52,-9.299,0.208,0.495,33113112.148259077,5.023425895223877e-10,-0.10734896612269966,-6.0853865956473205
VPHAS J180454.0-243046.4,271.22515,-24.51288,y,,1.0,,,18.358,16.586,15.584,16.151,K4.75,2.611,3.721,0.934,3.263,5.6,-8.277,0.295,,398107.1705534969,5.284452517751813e-09,-0.029653123769906618,-5.941037932590493
VPHAS J180502.6-242443.7,271.26066,-24.41214,?,y,1.0,,,19.606,17.964,16.969,17.027,G9.5,3.226,1.213,1.177,1.299,7.14,-7.67,0.435,0.387,13803842.646028839,2.1379620895022325e-08,0.0707764628434347,-4.815059581896188
VPHAS J180518.5-241552.5,271.3273,-24.26458,?,,1.0,,,20.242,18.56,17.399,17.554,G2.25,4.641,2.284,1.289,1.53,7.11,-7.598,0.214,0.246,12882495.51693135,2.5234807724805754e-08,0.110252917353403,-4.800260026750119
VPHAS J180518.5-243116.3,271.32722,-24.52119,?,n*,2.0,,20.135,18.519,17.145,16.471,16.482,K4.5,0.951,0.547,1.041,1.23,6.98,-8.898,0.144,0.135,9549925.86021437,1.2647363474711523e-09,0.017450729510536125,-6.048231146076338
VPHAS J180521.8-243000.7,271.34066,-24.50017,?,,1.0,,,19.139,17.767,17.097,17.255,K5.5,0.511,0.231,0.8,0.853,7.45,-10.102,0.608,,28183829.31264455,7.906786279998245e-11,-0.09691001300805639,-6.929029221546834
WFI11471,271.09734,-24.4756,y,n,1.0,,,18.458,17.086,16.523,16.382,K5,0.469,0.393,0.947,1.079,7.15,-8.884,0.307,0.801,14125375.446227554,1.3061708881318404e-09,-0.0236500209967266,-5.917628113584454
WFI12412,271.11777,-24.46183,y,n,1.0,,,18.597,17.001,16.241,16.455,K5,1.487,0.996,1.025,1.718,6.43,-8.794,0.178,0.354,2691534.803926914,1.6069412530128755e-09,0.010723865391773066,-6.162700544680806
WFI12779,271.03824,-24.45565,y,n*,1.0,,,18.285,16.769,16.075,15.672,K8,0.802,0.997,0.623,2.073,5.95,-7.803,0.171,0.195,891250.9381337459,1.5739828644662197e-08,-0.2055119533408304,-5.12327458167219
WFI12983,271.04021,-24.4528,y,n*,1.0,,18.581,17.355,15.954,15.334,14.987,K7.25,0.526,1.545,0.649,2.465,5.76,-7.584,0.182,0.182,575439.9373371566,2.6061535499988977e-08,-0.18775530319963074,-5.002568265690196
WFI12995,271.13775,-24.45256,y,y*,2.0,,,19.682,17.958,17.053,17.418,M0.75,0.834,0.506,0.433,1.77,6.02,-9.49,0.647,,1047128.5480508985,3.2359365692962813e-10,-0.36351210364663455,-6.6019214805718
WFI13000,271.16436,-24.45252,y,y,1.0,,,18.544,16.79,15.856,16.097,K5,2.299,2.402,0.903,2.667,5.81,-7.652,0.259,0.243,645654.2290346549,2.228435149270303e-08,-0.04431224968649419,-5.213042378850063
WFI13073,271.03925,-24.45112,y,,1.0,,,18.386,16.955,16.296,16.046,K7.25,0.654,0.684,0.771,1.639,6.36,-8.251,0.206,0.275,2290867.6527677746,5.610479760324712e-09,-0.11294562194904302,-5.507922407497888
WFI13161,271.19067,-24.44963,y,y*,1.0,,,20.122,18.369,17.198,17.578,M1.75,1.246,0.624,0.348,2.12,5.79,-8.553,0.281,,616595.0018614822,2.798981319634357e-09,-0.4584207560534191,-5.651610283546648
WFI13430,271.12881,-24.44584,y,y,1.0,,18.726,17.54,16.236,15.617,15.667,K4.5,0.65,0.984,1.106,1.65,6.53,-8.71,0.139,0.11,3388441.5613920274,1.9498445997580416e-09,0.04375512696867949,-6.07513039643622
WFI13491,271.0127,-24.44415,?,?,1.0,,,18.553,17.097,16.385,15.841,K7.5,1.174,0.991,0.677,2.004,6.03,-7.569,0.179,0.156,1071519.305237607,2.6977394324449205e-08,-0.16941133131485567,-4.897415267422607
WFI13563,271.08521,-24.44302,y,n,2.0,,19.995,18.03,16.597,15.875,15.922,K5.5,0.784,0.853,0.98,1.639,6.47,-8.631,0.222,0.379,2951209.226666384,2.3388372386593535e-09,-0.00877392430750515,-5.961095645465192
WFI13601,271.19078,-24.4425,y,n*,1.0,,,19.181,17.57,16.696,16.881,K5.75,1.462,0.625,0.991,1.425,6.69,-8.809,0.188,0.206,4897788.193684466,1.5523870099580849e-09,-0.0039263455147246756,-6.054159231760688
WFI13658,271.01525,-24.44169,y,,1.0,P,,18.467,17.053,16.533,15.812,,,0.28,0.863,0.955,7.3,-8.549,0.072,0.095,19952623.149688788,2.8248799749157106e-09,-0.06398920428479041,-5.475112995874296
WFI13674,270.99385,-24.44146,y,,1.0,,,19.417,17.52,16.512,16.087,K5,2.812,1.861,0.927,2.347,5.98,-7.115,0.206,0.26,954992.5860214368,7.673614893618186e-08,-0.0329202658555029,-4.619099891190009
WFI13876,271.16977,-24.43806,y,y*,1.0,,,19.081,17.329,16.321,16.716,K6.5,1.769,1.078,0.788,1.963,6.13,-8.581,0.216,0.291,1348962.8825916534,2.6242185433844446e-09,-0.10347378251044466,-5.943244714553165
WFI13925,271.00271,-24.43708,y,n,1.0,P,,19.639,17.608,16.589,17.049,K5.75,3.564,3.563,0.784,3.41,5.49,-7.7,0.327,,309029.5432513592,1.9952623149688786e-08,-0.10568393731556154,-5.322848177639932
WFI13966,271.07745,-24.43644,y,n,1.0,,,19.933,18.335,17.184,17.344,F4.75,4.896,3.39,1.338,1.419,7.23,-7.438,0.27,0.299,16982436.52461746,3.64753946925608e-08,0.12645611343180432,-4.609341607257965
WFI14041,271.08089,-24.43534,y,,1.0,,,19.18,17.546,16.667,17.088,K5,1.887,0.858,1.048,1.594,6.55,-9.334,0.863,,3548133.892335753,4.6344691973628843e-10,0.020361282647707864,-6.664319798321291
WFI14185,271.02144,-24.43289,y,n,1.0,,19.143,17.587,16.443,15.811,15.756,G6.5,1.529,1.186,1.095,1.197,7.28,-8.358,0.408,0.19,19054607.17963248,4.385306977749852e-09,0.03941411917613713,-5.409858257183599
WFI14574,271.08158,-24.42681,y,,1.0,P,,,19.01,17.762,17.909,M1.25,1.936,0.558,0.39,1.936,5.9,-8.231,0.348,,794328.2347242822,5.8748935252977685e-09,-0.4089353929735008,-5.340629843372927
WFI14629,271.16559,-24.42604,y,y*,1.0,,,18.699,17.074,16.233,16.613,K7.5,1.601,1.405,0.636,2.386,5.79,-8.969,0.452,,616595.0018614822,1.0739894123412462e-09,-0.19654288435158612,-6.365247217535549
WFI14708,271.0907,-24.42484,y,n*,1.0,QPS,,18.394,16.948,16.206,16.412,K6,0.626,0.565,0.97,1.376,6.73,-9.193,0.394,,5370317.963702532,6.412095765851622e-10,-0.01322826573375516,-6.411142433944138
WFI14731,271.14863,-24.42444,y,y*,1.0,QPD,,19.333,17.497,16.605,16.95,M1.75,0.844,0.924,0.333,2.585,5.36,-8.364,0.348,0.961,229086.76527677747,4.325138310350079e-09,-0.4775557664936801,-5.61764308090549
WFI15075,271.05002,-24.41986,y,,1.0,,,19.017,17.412,16.585,16.803,K6,2.23,1.516,0.808,2.255,5.97,-8.103,0.339,0.328,933254.3007969905,7.888601176185549e-09,-0.09258863922541381,-5.543395062015396
WFI15298,271.00238,-24.41733,y,n*,1.0,P,,19.265,17.956,17.333,16.134,K6,0.007,0.132,0.655,0.667,7.78,-8.545,0.098,0.076,60255958.60743581,2.8510182675039096e-09,-0.18375870000821692,-5.137652582043346
WFI15451,271.10985,-24.41564,y,y,1.0,,,18.766,17.149,16.345,16.698,M1,0.622,0.963,0.388,2.49,5.65,-9.195,0.765,,446683.5921509635,6.382634861905483e-10,-0.41116827440579273,-6.404871522670449
WFI15636,271.1487,-24.41365,y,,2.0,,,18.863,17.376,16.65,16.915,K7.75,0.591,0.458,0.783,1.384,6.6,-9.459,0.309,,3981071.7055349695,3.4753616144320613e-10,-0.10623823794205658,-6.62487739623633
WFI15668,271.2334,-24.41318,y,,2.0,,,19.883,18.188,16.944,17.569,M2.5,0.729,0.56,0.294,2.13,5.73,-9.332,0.599,,537031.7963702533,4.6558609352295814e-10,-0.5316526695878427,-6.372045723022438
WFI15690,271.2399,-24.41294,y,y,1.0,,,19.95,18.291,17.266,17.31,G8.75,3.458,1.085,1.156,1.204,7.18,-8.126,0.174,0.408,15135612.484362071,7.481695005111553e-09,0.06295783408451022,-5.245728616943364
WFI15936,271.07584,-24.41072,y,n*,1.0,,,19.842,18.235,16.994,17.269,M2.5,0.651,0.517,0.296,2.045,5.79,-8.36,0.365,0.865,616595.0018614822,4.365158322401665e-09,-0.5287082889410615,-5.378725084960104
WFI15993,271.24432,-24.41009,y,y,1.0,,19.404,17.388,15.945,15.072,15.158,G7.25,2.761,5.244,1.956,2.552,6.52,-7.308,0.094,0.093,3311311.2148259077,4.920395356814511e-08,0.2913688504515826,-4.958666610739631
WFI16015,271.12223,-24.40988,y,y*,1.0,,,19.23,17.829,16.948,17.277,G2.75,4.054,2.925,1.436,1.749,6.98,-7.978,0.202,0.288,9549925.86021437,1.0519618738232235e-08,0.15715443990628153,-5.287011205494288
WFI16083,271.10488,-24.40907,y,n,1.0,,,20.104,18.403,17.054,17.658,M2.75,1.084,0.678,0.269,2.39,5.25,-8.634,0.425,,177827.94100389228,2.3227367963571053e-09,-0.5702477199975919,-5.827517130308806
WFI16133,271.05046,-24.40842,?,,1.0,,,18.617,17.243,16.46,16.728,G9,2.146,0.957,1.053,1.139,7.29,-8.941,0.457,,19498445.997580454,1.1455129414455337e-09,0.022428371185486493,-5.9694419504214284
WFI16191,271.07622,-24.40772,y,n*,1.0,,,19.135,17.635,16.79,17.16,K9.75,0.409,0.414,0.543,1.493,6.32,-9.211,0.52,,2089296.1308540408,6.151768727098677e-10,-0.265200170411153,-6.311322423599193
WFI16230,271.18763,-24.40718,y,n*,1.0,,,19.55,17.713,16.531,16.943,M1.5,1.415,1.218,0.339,2.906,5.11,-8.059,0.22,0.551,128824.95516931349,8.729713683881131e-09,-0.4698003017969178,-5.424237001223421
WFI16479,271.0627,-24.40449,y,n,1.0,,,18.549,17.224,16.581,16.005,K4.25,0.853,0.46,0.984,1.11,7.14,-8.273,0.145,0.148,13803842.646028839,5.333348954876213e-09,-0.007004901568658489,-5.3296572794235
WFI16587,271.13906,-24.40323,y,,1.0,,,20.018,18.409,17.406,17.811,G7.75,3.427,0.945,1.022,1.093,7.36,-8.67,0.473,,22908676.52767775,2.1379620895022324e-09,0.009450895798693935,-5.65491417053378
WFI16602,271.0501,-24.40309,y,,1.0,,,20.209,18.348,17.096,17.943,G5.25,4.879,3.34,1.594,1.964,6.82,-8.802,1.206,,6606934.480075965,1.57761126969935e-09,0.20248831706009357,-6.228314213934984
WFI16675,271.05373,-24.40243,y,n*,1.0,,,20.077,18.223,16.884,17.532,M2.25,1.334,0.838,0.3,2.556,5.24,-8.524,0.648,,173780.08287493762,2.9922646366081953e-09,-0.5228787452803376,-5.775465451512776
WFI16726,271.14001,-24.40185,y,n*,1.0,,,19.895,18.162,17.089,17.377,G9.5,3.635,1.421,1.269,1.406,7.05,-8.061,0.209,0.26,11220184.54301963,8.68960429286302e-09,0.10346162209470475,-5.2802084593146486
WFI16916,271.1075,-24.3998,y,n*,2.0,,20.007,17.796,16.342,15.578,15.88,K8.75,0.204,0.976,0.552,2.148,5.86,-9.412,0.745,,724435.9600749906,3.872576449216165e-10,-0.2580609222708011,-6.709550728232482
WFI17023,271.08342,-24.39894,y,y*,1.0,QPS,,,19.199,17.838,18.309,,,0.149,0.405,1.02,6.69,-9.32,0.072,,4897788.193684466,4.78630092322638e-10,-0.3925449767853314,-6.123475262242094
WFI17034,271.06179,-24.39888,y,,1.0,,,19.571,17.996,17.082,17.265,M0.5,0.372,0.321,0.484,1.385,6.37,-9.144,0.275,1.063,2344228.8153199228,7.177942912713615e-10,-0.31515463835558755,-6.166990850415223
WFI17142,271.13777,-24.39783,y,n*,1.0,,,19.61,18.106,17.189,17.235,G7.75,2.967,0.851,0.986,1.037,7.42,-8.306,0.357,0.435,26302679.918953814,4.943106869868364e-09,-0.0061230850587887945,-5.2485465142380665
WFI17329,271.11291,-24.39623,y,n,1.0,,,19.386,17.864,17.044,17.179,K3.75,1.891,0.582,1.052,1.208,7.04,-8.804,0.303,0.504,10964781.961431852,1.5703628043335515e-09,0.02201573981772028,-5.934752432419911
WFI17391,271.05343,-24.39581,y,n*,1.0,,,19.915,18.213,16.975,17.481,F4.75,5.357,5.57,1.414,1.819,7.11,-7.452,0.503,0.71,12882495.51693135,3.53183169791957e-08,0.1504494094608806,-4.699945294429401
WFI17541,271.02192,-24.39411,y,n,1.0,P,,18.624,16.992,16.225,16.457,M2,0.0,0.777,0.32,2.418,5.53,-9.153,0.496,,338844.15613920277,7.030723198838326e-10,-0.494850021680094,-6.317097287844609
WFI17930,271.10674,-24.39086,y,y*,1.0,,,18.243,16.747,15.894,16.198,K1.25,2.363,1.951,1.499,1.812,6.69,-8.408,0.282,0.282,4897788.193684466,3.908408957924025e-09,0.1758016328482795,-5.857428817748827
WFI17986,271.08788,-24.39039,y,y,1.0,S,19.497,17.793,16.217,15.405,15.524,K8.5,0.804,1.745,0.526,2.828,5.56,-7.814,0.138,0.193,363078.05477010104,1.5346169827992942e-08,-0.27901425584626094,-5.211071594981744
WFI18021,271.06754,-24.39003,y,,1.0,QPS,,17.745,16.376,15.736,15.713,K7.5,0.333,0.918,0.691,1.929,6.09,-8.381,0.164,0.655,1230268.770812381,4.159106104940219e-09,-0.16052195262580163,-5.69485140868788
WFI18161,271.09021,-24.38879,y,y,1.0,,,19.767,17.752,16.572,16.367,K8.75,2.852,2.451,0.494,3.405,5.21,-6.84,0.154,0.133,162181.009735893,1.445439770745928e-07,-0.30627305107635305,-4.349981889503915
WFI18346,271.1449,-24.38708,y,n,2.0,P,,18.231,16.724,16.045,16.423,G1,3.772,5.892,1.771,2.404,6.75,-8.094,0.335,,5623413.251903491,8.053784411990677e-09,0.24821856119007474,-5.6010671079761085
WFI18400,271.2579,-24.38638,?,n*,1.0,,,19.198,17.917,17.254,17.092,K2,1.286,0.284,0.774,0.727,7.76,-8.934,0.164,0.293,57543993.73371567,1.1641260294104933e-09,-0.11125903931710739,-5.617274328043541
WFI18509,271.08857,-24.38547,y,y,1.0,,,19.551,17.77,16.666,17.107,K0,3.746,2.244,1.487,1.79,6.79,-8.176,0.316,,6165950.018614822,6.668067692136219e-09,0.17231096852195424,-5.580349724977671
WFI18767,271.13163,-24.38269,y,n,1.0,P,,18.859,17.145,16.355,16.684,M0.75,0.309,0.66,0.42,2.027,5.86,-9.035,0.383,,724435.9600749906,9.225714271547629e-10,-0.37675070960209955,-6.1976540140981005
WFI18869,271.15316,-24.3818,y,y*,1.0,,,19.491,17.736,16.73,17.089,K6.25,1.891,0.802,0.877,1.666,6.4,-8.845,0.349,0.64,2511886.4315095823,1.4288939585111008e-09,-0.05700040663395948,-6.149062151605747
WFI18941,271.14551,-24.3811,y,y,1.0,,,18.786,17.187,16.325,16.662,K5.75,1.404,0.847,0.941,1.659,6.44,-9.184,0.388,,2754228.703338169,6.54636174067276e-10,-0.026410376572743116,-6.50638449487466
WFI19014,271.10824,-24.38036,y,n*,2.0,,,18.478,17.025,16.278,16.605,K6,0.655,0.539,0.973,1.344,6.77,-10.308,1.129,,5888436.5535558835,4.920395356814511e-11,-0.0118871597316481,-7.511221952903943
WFI19044,271.12283,-24.38012,y,n*,2.0,,20.062,18.157,16.971,16.414,16.512,K2.75,0.623,0.422,0.897,0.955,7.4,-9.582,0.613,,25118864.315095823,2.618183008218981e-10,-0.047207556955907906,-6.4860743709621165
WFI19208,271.05444,-24.37861,y,n,0.0,QPS,20.029,17.93,16.593,16.01,16.218,K5,0.444,0.614,1.048,1.348,6.82,-8.097,0.15,0.89,6606934.480075965,7.998342550070293e-09,0.020361282647707864,-5.316317984101891
WFI19285,270.98461,-24.3777,y,,1.0,,,18.449,16.918,16.219,15.965,K7.75,1.529,1.631,0.597,2.61,5.67,-7.659,0.317,1.112,467735.1412871981,2.1928049353504497e-08,-0.22402566887063094,-5.073345836338501
WFI19318,271.15097,-24.37737,y,,1.0,,20.174,19.093,17.711,16.883,17.067,G6.75,2.553,0.866,0.982,1.028,7.43,-8.636,0.372,,26915348.039269138,2.312064790175599e-09,-0.00788851221305034,-5.572428842135751
WFI19328,271.09127,-24.37723,y,?,1.0,,,18.261,16.643,15.806,16.088,K8,0.922,1.202,0.602,2.276,5.83,-8.515,0.243,,676082.9753919819,3.0549211132155093e-09,-0.22040350874217546,-5.8676837445672785
WFI19335,270.99628,-24.37714,y,,1.0,,,19.101,17.653,16.854,17.254,K9,0.173,0.295,0.683,1.201,6.74,-9.349,0.498,,5495408.738576248,4.4771330417636234e-10,-0.1655792963184674,-6.389876901899925
WFI19339,271.09201,-24.37712,y,n*,1.0,,,19.494,17.811,16.866,17.091,K6.25,1.57,0.572,0.941,1.408,6.68,-8.77,0.376,0.476,4786300.923226381,1.698243652461746e-09,-0.026410376572743116,-5.9937162155685275
WFI19500,271.10095,-24.37548,y,,1.0,,,18.775,17.219,16.332,16.445,K9.5,0.894,0.891,0.498,2.154,5.83,-8.228,0.22,0.46,676082.9753919819,5.915616341754743e-09,-0.30277065724028246,-5.487069475514803
WFI19545,271.10384,-24.37502,y,,1.0,,,18.385,16.925,16.268,16.229,F7.25,4.211,7.089,1.613,2.286,6.93,-7.29,0.087,0.087,8511380.38202376,5.128613839913648e-08,0.20763436738896152,-4.676939988991915
WFI19744,271.20075,-24.37287,y,n,1.0,,,19.982,18.111,16.833,17.487,G4.25,5.097,4.993,1.814,2.354,6.68,-7.928,0.27,0.5,4786300.923226381,1.1803206356517298e-08,0.2586372827240765,-5.47568673970054
WFI19806,271.11491,-24.37242,y,,1.0,,,19.012,17.342,16.541,16.516,K8.25,0.935,0.65,0.655,1.699,6.23,-8.484,0.313,0.247,1698243.652461746,3.2809529311311905e-09,-0.18375870000821692,-5.713885219228786
WFI19899,271.22632,-24.37149,y,n,1.0,,,18.802,17.198,16.365,16.585,K8.25,1.143,0.921,0.607,2.024,5.97,-8.374,0.51,0.764,933254.3007969905,4.226686142656025e-09,-0.21681130892474243,-5.673209958054718
WFI19972,271.09078,-24.37099,y,?,2.0,,19.83,18.461,16.958,16.134,16.428,K7.75,0.441,0.583,0.736,1.561,6.4,-9.205,0.183,0.491,2511886.4315095823,6.237348354824192e-10,-0.13312218566250114,-6.422546048612395
WFI20020,271.11138,-24.37049,y,?,2.0,,19.618,17.914,16.485,15.73,16.001,K9.5,0.055,0.85,0.501,2.104,5.86,-9.176,0.488,,724435.9600749906,6.668067692136219e-10,-0.30016227413275426,-6.425700494825794
WFI20091,271.07958,-24.36987,y,n*,1.0,,,18.69,17.147,16.359,16.34,K5,1.444,0.854,1.05,1.59,6.56,-8.486,0.228,0.494,3630780.54770101,3.2658783217233533e-09,0.021189299069938092,-5.813149700939833
WFI20161,271.08573,-24.36923,y,n*,1.0,,,18.372,16.691,15.85,16.213,K8,1.062,1.277,0.595,2.346,5.79,-8.733,0.278,,616595.0018614822,1.8492686189780759e-09,-0.22548303427145044,-6.096355330048642
WFI20173,271.0875,-24.36916,y,n*,1.0,,,18.604,16.968,16.191,16.361,K8,0.831,0.814,0.649,1.873,6.1,-8.667,0.256,0.468,1258925.411794166,2.152781734724374e-09,-0.18775530319963074,-5.945788203339842
WFI20199,271.08638,-24.36881,y,,1.0,,,19.153,17.401,16.417,16.706,K4.75,2.519,1.626,0.987,2.157,6.11,-8.072,0.264,0.243,1288249.551693135,8.47227414140598e-09,-0.005682847330363273,-5.553611223700587
WFI20209,271.1066,-24.36865,y,n,1.0,,,18.008,16.655,16.086,16.122,G7.5,3.029,3.627,1.716,2.132,6.68,-7.882,0.282,0.321,4786300.923226381,1.3121998990192041e-08,0.23451728351268664,-5.40227318785502
WFI20216,271.15325,-24.36858,y,n,1.0,APD,,,18.811,17.559,17.84,M3.75,0.0,0.236,0.213,1.532,5.98,-8.942,0.314,0.504,954992.5860214368,1.1428783347897712e-09,-0.6716203965612623,-5.72018613831662
WFI20425,271.00106,-24.3665,y,,1.0,,,19.073,17.664,16.714,16.846,M1.5,0.276,0.757,0.358,2.291,5.72,-8.502,0.212,1.032,524807.4602497723,3.147748314101311e-09,-0.44611697335612566,-5.643372378936976
WFI20559,271.03221,-24.36506,y,,1.0,P,,,18.601,17.608,17.161,M3,0.571,0.305,0.264,1.639,5.97,-8.119,0.092,0.103,933254.3007969905,7.603262769401823e-09,-0.5783960731301689,-5.007251292873042
WFI20947,271.11064,-24.36135,y,y,1.0,,,19.216,17.614,16.734,16.907,K6.5,1.097,0.473,0.931,1.301,6.79,-9.009,0.366,0.493,6165950.018614822,9.79489985408698e-10,-0.031050319018657353,-6.182219734030827
WFI20948,271.02988,-24.36125,y,y*,1.0,QPS,,19.766,17.998,17.127,16.96,,,0.185,0.609,1.006,6.93,-9.035,0.138,0.245,8511380.38202376,9.225714271547629e-10,-0.21538270736712464,-5.941160515960652
WFI21025,271.0363,-24.36057,y,,1.0,,,19.413,17.612,16.588,16.858,K7.5,2.225,1.42,0.633,2.399,5.79,-8.099,0.311,0.825,616595.0018614822,7.961593504173184e-09,-0.1985962899826449,-5.492913422196936
WFI21076,271.12679,-24.36014,y,n*,1.0,,,18.542,16.813,15.88,16.314,K7.5,1.693,1.867,0.608,2.751,5.62,-8.389,0.317,0.584,416869.3834703355,4.0831938633269275e-09,-0.21609642072726507,-5.8329137039046035
WFI21488,271.06517,-24.35625,y,n,1.0,APD,,18.857,17.119,16.344,16.453,M0.75,0.374,0.712,0.416,2.105,5.82,-8.515,0.157,0.296,660693.4480075964,3.0549211132155093e-09,-0.3809066693732573,-5.689375276968381
WFI21548,271.05311,-24.35576,y,y*,2.0,,,19.773,18.344,17.244,17.734,M2,0.0,0.244,0.352,1.351,6.27,-9.893,1.05,,1862087.1366628655,1.2793813041575227e-10,-0.453457336521869,-6.799914892559089
WFI21779,271.12357,-24.35383,y,?,1.0,,,18.734,17.049,16.18,16.513,K5,1.974,1.44,0.959,2.065,6.16,-8.406,0.301,0.588,1445439.770745928,3.926449353995993e-09,-0.018181392829336417,-5.852850127525407
WFI21890,271.08142,-24.35276,y,?,1.0,APD,,18.666,16.977,16.151,16.588,K7.75,1.137,1.012,0.648,2.056,5.98,-8.768,0.566,,954992.5860214368,1.7060823890031209e-09,-0.18842499412940666,-6.095361206690084
WFI21912,270.9827,-24.35254,y,?,1.0,,,18.706,17.304,16.559,16.472,K8.25,0.494,0.498,0.701,1.488,6.45,-8.593,0.152,0.225,2818382.931264455,2.552701302661247e-09,-0.15428198203334137,-5.765941019701474
WFI21994,271.11104,-24.35183,y,n,1.0,P,,17.938,16.321,15.499,15.869,K7.75,1.016,1.703,0.593,2.667,5.64,-8.608,0.433,,436515.8322401656,2.466039337234336e-09,-0.22694530663573742,-6.031361060975618
WFI22010,271.06174,-24.35165,y,n*,1.0,,,19.291,17.495,16.511,16.987,K5,2.524,1.519,0.954,2.121,6.12,-8.771,0.331,,1318256.7385564074,1.6943378004473253e-09,-0.020451625295904902,-6.231714611163557
WFI22030,271.01557,-24.35148,y,n*,1.0,,,18.528,17.018,16.343,16.104,K8.25,0.783,0.81,0.624,1.898,6.07,-8.198,0.226,0.306,1174897.5549395303,6.338697112569263e-09,-0.20481541031757602,-5.469732097031766
WFI22050,270.99286,-24.35132,y,n,1.0,,,18.798,17.406,16.622,16.517,M0,0.0,0.382,0.524,1.458,6.34,-8.711,0.106,0.156,2187761.623949552,1.9453600816226615e-09,-0.28066871301627333,-5.785519316221507
WFI22057,271.12007,-24.35126,y,y,1.0,,,19.928,18.4,17.313,17.463,F5.25,4.518,2.32,1.259,1.196,7.59,-7.729,0.422,0.613,38904514.49942805,1.8663796908346693e-08,0.10002573010786256,-4.7222997725758304
WFI22294,271.11359,-24.34913,y,y,1.0,,,18.554,17.04,16.043,16.444,G3.25,3.697,4.191,1.647,2.115,6.81,-7.864,0.175,0.279,6456542.290346549,1.3677288255958495e-08,0.21669359916975436,-5.310570386033998
WFI22435,271.08843,-24.34768,y,,1.0,,,19.132,17.458,16.595,16.971,K5,1.933,0.956,1.035,1.683,6.47,-9.226,0.533,,2951209.226666384,5.942921586155715e-10,0.014940349792936524,-6.5830480709953045
WFI22455,270.99097,-24.34754,y,y*,1.0,S,,18.086,16.691,15.972,15.826,K8.75,0.106,0.661,0.6,1.769,6.14,-8.346,0.092,0.156,1380384.2646028837,4.5081670454146004e-09,-0.2218487496163564,-5.56959463060743
WFI22513,271.14501,-24.34714,y,,1.0,,,19.539,17.747,16.797,17.127,K6.75,2.241,1.153,0.748,2.064,6.04,-8.509,0.264,0.583,1096478.196143185,3.0974192992165777e-09,-0.12609840213553863,-5.882531339054324
WFI22744,271.14403,-24.34502,y,n,1.0,,,19.93,18.17,16.925,17.225,F8.25,5.188,4.971,1.467,1.977,7.02,-7.252,0.198,0.19,10471285.480508985,5.5975760149511044e-08,0.1664301138432827,-4.555108746699811
WFI22808,271.01412,-24.34448,y,,1.0,,,19.076,17.597,16.843,16.452,K5.25,1.091,0.43,0.974,1.146,7.05,-8.397,0.193,0.194,11220184.54301963,4.008667176273026e-09,-0.011441043121384482,-5.485615993598383
WFI22856,271.10168,-24.34407,y,n*,1.0,,,19.22,17.722,16.817,17.286,G8,2.898,1.145,1.261,1.209,7.18,-9.353,0.931,,15135612.484362071,4.436086439314328e-10,0.10071508657308159,-6.515641570197156
WFI22873,271.17217,-24.34382,y,n,2.0,,,18.643,16.993,16.032,16.507,M0,0.883,1.141,0.444,2.518,5.65,-9.281,0.721,,446683.5921509635,5.236004365857495e-10,-0.3526170298853802,-6.557417858895956
WFI22913,271.23465,-24.34342,y,,1.0,,,19.489,17.8,16.831,17.055,K9.5,1.037,0.565,0.538,1.715,6.13,-8.73,0.205,0.29,1348962.8825916534,1.8620871366628656e-09,-0.2692177243336108,-5.903868666012303
WFI23677,271.01794,-24.33656,y,,2.0,,19.436,18.737,17.356,16.655,16.231,K6.75,0.013,0.249,0.835,0.959,7.26,-8.798,0.166,0.517,18197008.586099826,1.59220872705117e-09,-0.07831352451639793,-5.7242774226840325
WFI23945,271.05125,-24.33419,y,n,1.0,,,19.003,17.539,16.779,16.53,K8.25,0.772,0.506,0.696,1.499,6.43,-8.375,0.167,0.158,2691534.803926914,4.216965034285823e-09,-0.15739076038943792,-5.5526300985562775
WFI24293,271.10184,-24.33104,y,n*,1.0,QPS,,18.48,16.98,16.27,16.438,K7.75,0.571,0.645,0.717,1.642,6.32,-8.974,0.334,,2089296.1308540408,1.0616955571987241e-09,-0.1444808443321999,-6.211525807198765
WFI24459,271.05811,-24.32946,y,n*,1.0,,,19.383,17.614,16.483,17.041,G8.25,4.06,3.336,1.683,2.079,6.69,-8.186,0.286,0.517,4897788.193684466,6.516283940608428e-09,0.22608411597582387,-5.692577304614762
WFI24784,270.98475,-24.32653,y,,1.0,,,19.639,18.081,17.097,17.437,G7.75,3.927,2.065,1.392,1.616,6.95,-8.058,0.288,0.628,8912509.381337458,8.749837752274364e-09,0.14363923527454328,-5.363984053218974
WFI24884,271.11387,-24.32551,y,,1.0,,,19.799,17.936,16.819,17.36,K7.25,2.048,0.845,0.731,1.822,6.19,-9.124,0.598,,1548816.6189124826,7.516228940182046e-10,-0.13608262304213956,-6.424516111983472
WFI25221,271.15772,-24.32229,y,y*,1.0,,,19.536,17.929,16.887,17.191,M1.25,0.767,0.569,0.389,1.95,5.89,-8.81,0.201,0.742,776247.1166286912,1.5488166189124797e-09,-0.41005039867429227,-5.922473763485556
WFI25346,271.09817,-24.32103,y,y*,1.0,QPD,,,18.964,17.413,17.937,M4.75,0.0,0.288,0.159,1.841,5.19,-8.608,0.302,0.309,154881.66189124828,2.466039337234336e-09,-0.7986028756795485,-5.56664746281558
WFI25374,270.98352,-24.3208,y,n,1.0,,,19.388,17.752,16.863,16.961,K7,1.611,0.708,0.794,1.643,6.37,-8.619,0.419,,2344228.8153199228,2.4043628000069345e-09,-0.10017949757290372,-5.886320550250425
WFI25554,271.09075,-24.31814,y,y*,1.0,APD,,,18.335,17.217,17.613,M1,1.453,0.987,0.382,2.525,5.63,-8.521,0.154,0.356,426579.5188015926,3.0130060241861156e-09,-0.41793663708829126,-5.731401306005148
WFI25566,271.11051,-24.31788,y,n,1.0,,,18.593,16.967,16.105,16.348,K8.25,1.064,1.051,0.591,2.162,5.88,-8.445,0.23,0.535,758577.5750291835,3.5892193464500497e-09,-0.22841251911874466,-5.76802522334501
WFI25832,271.12492,-24.31419,y,n*,2.0,S,,,19.325,18.007,18.736,M2,1.69,0.456,0.339,1.852,5.91,-9.318,0.985,,812830.5161640996,4.80839348449729e-10,-0.4698003017969178,-6.354342736869646
WFI25964,271.07742,-24.31261,y,y,1.0,P,,,18.794,17.666,17.84,M2.75,1.133,0.437,0.279,1.923,5.83,-8.39,0.288,0.354,676082.9753919819,4.073802778041122e-09,-0.5543957967264024,-5.363085270188552
WFI26045,271.07467,-24.31175,y,n*,1.0,P,,,18.536,17.465,17.524,M0.75,2.343,0.838,0.408,2.284,5.74,-7.824,0.2,0.22,549540.8738576248,1.499684835502374e-08,-0.3893398369101201,-5.021679998467922
WFI26141,271.25719,-24.3107,y,n,2.0,,14.598,13.36,13.193,13.127,13.196,A7.75,0.309,10.238,1.72,1.816,6.98,-7.327,0.024,,9549925.86021437,4.709773263969529e-08,0.2355284469075489,-4.725087075084528
WFI26297,271.06996,-24.30858,y,n*,1.0,P,,,18.813,17.551,17.525,M3.5,1.114,0.487,0.225,2.157,5.26,-7.991,0.184,0.236,181970.08586099825,1.0209394837076808e-08,-0.6478174818886375,-5.092244146085221
WFI26301,271.10704,-24.30856,y,y,1.0,QPS,,,18.844,17.715,17.957,M1.25,1.089,0.387,0.403,1.612,6.11,-8.728,0.217,0.407,1288249.551693135,1.8706821403658016e-09,-0.39469495385889053,-5.767480050420151
WFI26328,270.97467,-24.3082,y,?,2.0,,19.447,19.021,17.713,17.105,16.465,K5.25,0.325,0.204,0.757,0.79,7.58,-8.799,0.029,0.046,38018939.632056125,1.5885467485977806e-09,-0.12090412049992724,-5.545313433804056
WFI26577,270.99579,-24.30491,y,?,1.0,,,18.943,17.338,16.4,16.588,K9.25,0.873,0.737,0.535,1.928,5.98,-8.538,0.168,0.289,954992.5860214368,2.8973435877013212e-09,-0.27164621797877153,-5.770776239474789
WFI27217,270.99516,-24.29723,y,y*,1.0,,,19.388,17.649,16.591,16.77,M1,0.854,0.718,0.397,2.149,5.79,-8.167,0.284,0.283,616595.0018614822,6.807693586937417e-09,-0.40120949323688493,-5.330633665414261
WFI27280,271.11605,-24.29674,y,y,1.0,,,20.01,18.071,16.963,17.296,K5,3.17,1.532,0.951,2.13,6.11,-7.957,0.253,0.274,1288249.551693135,1.1040786199020735e-08,-0.021819483062586086,-5.420271152609347
WFI27304,271.12583,-24.29648,y,?,1.0,,,18.803,17.256,16.481,16.789,K7.75,1.066,0.775,0.688,1.8,6.18,-9.324,0.624,,1513561.2484362072,4.742419852602448e-10,-0.16241156176448873,-6.598703171287017
WFI27870,271.05737,-24.29087,y,n*,1.0,,,18.816,17.096,16.163,16.466,K7.75,1.584,1.351,0.614,2.376,5.78,-8.257,0.243,0.274,602559.5860743581,5.5335010921573715e-09,-0.21183162885883233,-5.639981994351351
WFI27887,271.05841,-24.29068,y,y,1.0,,,19.509,17.735,16.441,16.729,F5.25,5.612,10.656,1.733,2.564,6.87,-6.777,0.172,0.164,7413102.413009177,1.671090614310707e-07,0.23879856271391703,-4.224026682043857
WFI28138,271.05786,-24.2882,y,,1.0,,,19.098,17.438,16.471,16.937,K8.25,1.136,0.719,0.641,1.787,6.16,-9.37,0.577,,1445439.770745928,4.265795188015934e-10,-0.19314197048118256,-6.617998924241939
WFI28153,271.08507,-24.28809,y,,1.0,,,19.277,17.529,16.367,16.787,M0.75,1.401,1.254,0.388,2.789,5.42,-8.126,0.153,0.402,263026.7991895382,7.481695005111553e-09,-0.41116827440579273,-5.430428623672159
WFI28535,271.1272,-24.28467,y,n,2.0,,,18.298,16.871,16.206,16.435,K7.5,0.43,0.622,0.753,1.588,6.39,-9.186,0.29,,2454708.915685029,6.516283940608427e-10,-0.12320502379929942,-6.418928563558026
WFI28903,271.10013,-24.28161,y,,1.0,,,19.305,17.738,16.658,17.058,F9.75,4.968,6.667,1.738,2.448,6.79,-7.407,0.264,0.218,6165950.018614822,3.917418771077831e-08,0.24004977211264766,-4.888338168796115
WFI28967,271.10116,-24.28102,y,,1.0,,,18.657,17.122,16.339,16.606,K7.75,0.87,0.735,0.698,1.753,6.22,-8.929,0.267,0.429,1659586.9074375597,1.1776059735208067e-09,-0.15614457737683893,-6.194381190533797
WFI29462,271.00259,-24.27703,y,,1.0,,,19.747,18.199,17.33,17.398,K9.25,0.523,0.247,0.67,1.116,6.83,-9.221,0.276,0.413,6760829.753919818,6.011737374832779e-10,-0.17392519729917355,-6.21539077490836
WFI29815,271.07141,-24.2743,y,y*,1.0,,,18.632,16.878,16.0,16.227,K5,2.151,1.932,0.923,2.392,5.95,-7.981,0.152,0.189,891250.9381337459,1.0447202192208004e-08,-0.03479829897408793,-5.4952989501518985
WFI29988,271.2764,-24.27306,y,,1.0,,,20.04,18.3,17.362,17.625,K5,2.278,0.59,1.044,1.322,6.85,-9.134,0.433,,7079457.843841373,7.345138681571143e-10,0.01870049866624337,-6.3390968874444855
WFI30020,271.04073,-24.27289,y,n*,1.0,,,19.891,18.045,17.09,17.406,K7.5,1.925,0.71,0.733,1.697,6.29,-8.801,0.547,,1949844.5997580455,1.5812480392703827e-09,-0.13489602535887207,-6.061752954900011
WFI31269,271.14747,-24.26366,y,,1.0,,,18.494,17.024,16.336,16.523,K7.75,0.547,0.613,0.726,1.6,6.36,-9.284,0.382,,2290867.6527677746,5.199959965335151e-10,-0.1390633792999063,-6.511238306393586
WFI31634,271.0236,-24.26095,y,y*,1.0,,19.666,17.902,16.625,15.982,16.183,K0,2.204,1.894,1.422,1.645,6.87,-8.457,0.415,0.411,7413102.413009177,3.491403154785855e-09,0.15289959639374748,-5.806398330315611
WFI31670,271.18433,-24.26057,y,n*,1.0,,,18.485,16.943,16.138,16.433,K5.25,1.366,0.988,0.988,1.737,6.4,-8.963,0.19,0.261,2511886.4315095823,1.0889300933334356e-09,-0.005243055412371883,-6.325886897770324
WFI33389,271.13225,-24.24843,y,n*,0.0,,,19.064,17.331,16.23,16.89,M0.25,1.43,1.405,0.417,2.846,5.47,-8.61,0.437,,295120.9226666384,2.4547089156850337e-09,-0.3798639450262425,-5.929451624541981
WFI35073,271.1207,-24.2358,y,n,1.0,,,18.077,16.575,15.702,16.077,G9.75,2.554,2.492,1.567,1.874,6.76,-8.433,0.189,0.371,5754399.373371567,3.689775985701505e-09,0.1950689964685901,-5.8755488651734735
WFI35120,271.22717,-24.23539,y,n,1.0,,,18.983,17.325,16.335,16.878,K0,3.717,3.454,1.784,2.221,6.56,-8.683,0.449,,3630780.54770101,2.0749135174549106e-09,0.25139485004010426,-6.271789502472963
WFI35380,271.0427,-24.23359,y,,1.0,,,19.478,17.71,16.696,17.201,K8.25,1.473,0.731,0.638,1.803,6.14,-9.353,0.713,,1380384.2646028837,4.436086439314328e-10,-0.19517932127883766,-6.6069057326109375
WFI36376,271.11586,-24.22616,y,,1.0,,,18.353,16.805,16.018,16.332,K7.75,0.861,0.972,0.652,2.015,6.01,-9.175,0.412,,1023292.9922807537,6.683439175686135e-10,-0.1857524042680798,-6.493065200098573
WFI36379,271.10502,-24.22614,y,n*,1.0,,,17.937,16.427,15.738,15.602,K7.5,0.699,1.162,0.656,2.17,5.92,-7.888,0.173,0.198,831763.7711026708,1.2941958414499863e-08,-0.1830961606243397,-5.2460847548890674
WFI36451,271.19321,-24.22558,y,n,1.0,,,19.642,18.212,17.34,17.311,M0.5,0.417,0.29,0.49,1.317,6.45,-8.933,0.145,0.188,2818382.931264455,1.166809617060963e-09,-0.3098039199714863,-5.929182775581385
WFI39034,271.08515,-24.20577,y,n,2.0,,20.254,18.22,16.764,16.086,16.194,K5,0.959,0.805,1.055,1.544,6.6,-8.914,0.266,0.616,3981071.7055349695,1.2189895989248673e-09,0.023252459633711444,-6.227049870016083
WFI39120,271.02912,-24.20516,y,,1.0,,,19.418,17.9,16.832,16.934,F6,4.378,3.26,1.271,1.469,7.24,-7.533,0.289,0.555,17378008.28749376,2.9308932452503185e-08,0.10414555055400815,-4.6748733894780035
WFI39630,271.04994,-24.20071,?,,1.0,,,19.443,17.831,16.8,17.076,K9.25,1.489,0.823,0.524,2.037,5.91,-8.396,0.382,0.455,812830.5161640996,4.017908108489392e-09,-0.28066871301627333,-5.647299983311661
WFI44179,270.89011,-24.16118,?,n,2.0,,14.339,13.294,12.841,12.65,12.735,F7,0.224,11.467,1.872,2.888,6.75,-8.013,0.263,,5623413.251903491,9.705099672454899e-09,0.27230584440208644,-5.547443476497648
05350249-0533099,83.76040649414062,-5.552763938903809,,,,,,,,,,,0.324999988079071,0.3435579584618176,0.2919999957084656,1.6880380232205243,5.970346883325177,-8.705974909171294,,,934000.0152587891,1.9679999851973666e-09,-0.5346171549344233,-5.6438404612345
05344441-0526061,83.68505096435547,-5.435040950775146,,,,,,,,,,,1.8350000381469729,0.2128139090378256,0.1490000039339065,1.6098103677480124,5.4248816409129565,-8.827105292219509,,,266000.0026226044,1.4890000343825727e-09,-0.8268137201214584,-5.657125728060694
05391883-0230531,84.82847595214844,-2.514761924743652,,,,,,,,,,,1.7389999628067017,1.3931567830601412,1.100000023841858,1.924513108950934,6.389166092817094,-8.530177980777218,,,2450000.047683718,2.950000022039485e-09,0.04139269457130433,-5.950522688303409
05401274-0228199,85.05310821533203,-2.472201108932495,,,,,,,,,,,0.6460000276565552,0.9908319444593106,0.4460000097751617,2.364429031907467,5.716003327704972,-8.49363028904181,,,519999.9809265137,3.2089999546514103e-09,-0.3506651317692511,-5.745131430162217
05324196-0539239,83.17485809326172,-5.656659126281738,,,,,,,,,,,1.9919999837875368,2.5941793891776674,0.75,2.981061803617196,5.613841835984236,-8.558461974208525,,,411000.0133514402,2.763999917831941e-09,-0.12493873660829995,-6.108512549334212
05393982-0231217,84.91593170166016,-2.5227210521698,,,,,,,,,,,0.4050000011920929,0.6011737363281667,0.9629999995231628,1.3764896782076643,6.799133688566373,-8.187153462710658,,,6296999.931335443,6.499000004822625e-09,-0.016373713090509872,-5.373298850744744
05344789-0530465,83.6995620727539,-5.512937068939209,,,,,,,,,,,0.9589999914169312,0.4456562371433297,0.4449999928474426,1.6575445216628284,6.116275601206823,-8.675923402616585,,,1307000.041007996,2.1090000856816025e-09,-0.3516399959995543,-5.761757494471989
05395362-0233426,84.97344970703125,-2.561851978302002,,,,,,,,,,,0.7710000276565552,0.1909853338249918,0.3540000021457672,1.1997871686347756,6.427486128287773,-8.558619107070975,,,2676000.118255614,2.763000050975957e-09,-0.45099673534174084,-5.40358523712209
05372168-0040399,84.34037017822266,-0.6777639985084534,,,,,,,,,,,0.4090000092983246,0.1541700535892966,0.3260000050067901,1.1087851667898294,6.488973516934689,-9.432738303055691,,,3082999.9446868924,3.692000039023944e-10,-0.486782393262057,-6.211753731120928
05215741+0011423,80.48921203613281,0.1950929760932922,,,,,,,,,,,-0.2140000015497207,0.1541700535892966,0.4169999957084656,1.0274492285557817,6.706034641806693,-9.055024093964663,,,5081999.77874756,8.809999951786576e-10,-0.37986394949576224,-5.866319833135826
05400668+0103099,85.02787017822266,1.052766919136047,,,,,,,,,,,0.4830000102519989,0.1887991448597198,0.4059999883174896,1.143010175324444,6.553761697927109,-8.707079703766459,,,3578999.9961852995,1.9629999847836643e-09,-0.39147397891948044,-5.567782202327564
05352288-0437406,83.84535217285156,-4.627968788146973,,,,,,,,,,,2.2090001106262207,0.238781139826872,0.4569999873638153,1.2319063079731425,6.511080839921449,-8.524328807993639,,,3243999.958038332,2.9900000253491027e-09,-0.3400838119385204,-5.460985591721633
05341320-0533535,83.55500793457031,-5.564878940582275,,,,,,,,,,,0.1379999965429306,0.192752502958973,0.4930000007152557,1.0879215216604317,6.714078168822,-8.386686849593922,,,5177000.045776368,4.1049998955600156e-09,-0.3071530800926856,-5.277315189751157
05341420-0542210,83.55918884277344,-5.705842971801758,,,,,,,,,,,1.6720000505447388,0.4518559456152196,0.625,1.4827366164138154,6.403463712468514,-8.415668789924172,,,2532000.0648498535,3.839999873633809e-09,-0.2041199826559248,-5.551098396304624
05351929-0516447,83.83040618896484,-5.279088973999023,,,,,,,,,,,0.5230000019073486,0.1513561273363611,0.1659999936819076,1.316157696846755,5.98227122333233,-7.907630295619972,,,959999.9785423281,1.2370000135319983e-08,-0.7798919284895396,-4.561826833206325
05353644-0534111,83.90184020996094,-5.56976318359375,,,,,,,,,,,0.9089999794960022,0.5847900904047123,0.503000020980835,1.7877883523981335,6.064083450615188,-8.142607201355089,,,1159000.0391006472,7.200999796452849e-09,-0.2984319968290415,-5.310371895018523
05353733-0623263,83.90555572509766,-6.390665054321289,,,,,,,,,,,0.7210000157356262,0.2630268092972728,0.4169999957084656,1.3278412516396387,6.373279891173302,-8.838033394191855,,,2361999.9885559096,1.4519999647077932e-09,-0.37986394949576224,-5.786130544512759
05352448-0601463,83.85201263427734,-6.029534816741943,,,,,,,,,,,0.328000009059906,0.1106623859309317,0.3319999873638153,0.9380250676077706,6.704579454602623,-9.194023638975713,,,5065000.057220459,6.39700015181431e-10,-0.4788619328255582,-5.893401610104318
05344956-0529033,83.70653533935547,-5.484274864196777,,,,,,,,,,,2.638999938964844,0.6576578429515465,0.3740000128746032,2.114591343571746,5.802089260168191,-7.507239599845327,,,634000.0033378603,3.110000079686869e-08,-0.42712838284933524,-4.63644507659717
05344514-0621072,83.68812561035156,-6.3520188331604,,,,,,,,,,,0.6639999747276306,0.2197859911395355,0.395000010728836,1.2402027968698992,6.435525862741863,-9.267204319301172,,,2726000.0705718985,5.404999781077911e-10,-0.4034028925774025,-6.16295788753459
05343822-0524236,83.65925598144531,-5.406582832336426,,,,,,,,,,,0.9570000171661376,0.2275097395800606,0.2899999916553497,1.385328428651371,6.174641194045651,-8.634886565720098,,,1495000.004768372,2.318000014156497e-09,-0.5376020145977185,-5.48537064585361
05344117-0546116,83.67157745361328,-5.769899845123291,,,,,,,,,,,1.1859999895095823,0.3580964290425507,0.3600000143051147,1.6131931612833377,6.081707276273951,-8.568636235623158,,,1207000.0171661368,2.700000001354398e-09,-0.44369748197540093,-5.564054173475837
05353079-0530362,83.87832641601562,-5.510056018829346,,,,,,,,,,,0.8309999704360962,0.3396252634544974,0.2569999992847442,1.7389950263737106,5.887054393629542,-8.37934353044202,,,771000.0276565556,4.1749999013518465e-09,-0.5900668778773889,-5.288430804007792
05352831-0559132,83.86798858642578,-5.987026214599609,,,,,,,,,,,0.7459999918937683,0.2917426837824473,0.2590000033378601,1.6114659474883988,5.97497199693054,-8.559405730198273,,,944000.0057220451,2.7580000505622556e-09,-0.5867002303217821,-5.436174868074438
05345559-0555293,83.73165893554688,-5.924810886383057,,,,,,,,,,,3.1489999294281006,0.2716439364280255,0.3420000076293945,1.437517625809154,6.198106984962564,-8.192329710887027,,,1577999.9494552612,6.4219998208159375e-09,-0.46597388425554953,-5.11457543874415
05390136-0218274,84.75569152832031,-2.307637929916382,,,,,,,,,,,1.024999976158142,0.7177943015167668,0.5059999823570251,1.9500781086688597,5.957128206362612,-8.091461374748063,,,906000.0181198115,8.100999870919158e-09,-0.295849498302981,-5.306132411521914
05344048-0457396,83.66869354248047,-4.961006164550781,,,,,,,,,,,0.8119999766349792,0.1945359968418698,0.2980000078678131,1.2748175075891823,6.277609209932846,-8.56992495150074,,,1894999.9809265153,2.6919999562835524e-09,-0.5257837244574771,-5.391509105700851
05381315-0245509,84.55481719970703,-2.764166116714478,,,,,,,,,,,0.6629999876022339,0.4335108729137957,0.4480000138282776,1.632167801565525,6.137354104729435,-7.964170174331993,,,1371999.979019166,1.0860000010382003e-08,-0.34872197259662263,-5.044654993025258
05353170-0441077,83.8821029663086,-4.685482978820801,,,,,,,,,,,1.2660000324249268,0.1425607541948693,0.2520000040531158,1.14561586512084,6.327563245381381,-8.479123605628784,,,2125999.9275207524,3.3180000968968724e-09,-0.5985994522333535,-5.197412150152731
05353333-0451113,83.888916015625,-4.853157997131348,,,,,,,,,,,1.3919999599456787,0.2612161328586812,0.402999997138977,1.337916669435967,6.348694212161916,-9.007446475664317,,,2232000.1125335717,9.830000147203976e-10,-0.3946949569420829,-5.948795075937149
05334167-0524042,83.42364501953125,-5.40118408203125,,,,,,,,,,,0.3799999952316284,0.215278175599735,0.4079999923706054,1.21525648072175,6.476686739905317,-8.912573530684831,,,2996999.9790191646,1.2230000345780918e-09,-0.3893398450312083,-5.807388465697317
05373094-0223427,84.37895202636719,-2.395213842391968,,,,,,,,,,,-0.4199999868869781,0.1037528350885737,0.3610000014305115,0.8851084406506708,6.823474219220139,-8.93479385260972,,,6659999.847412109,1.1620000517353907e-09,-0.4424927963733913,-5.626627357944473
05354764-0519145,83.94853973388672,-5.320701122283936,,,,,,,,,,,3.8519999980926514,0.3672822984817817,0.4399999976158142,1.5225608892832243,6.222716459987166,-8.462684735728649,,,1669999.9570846565,3.4459999298519535e-09,-0.35654732586708243,-5.49918167365747
05345404-0623507,83.72520446777344,-6.397418022155762,,,,,,,,,,,0.3709999918937683,0.5470159698008789,0.4440000057220459,1.819879684298644,6.007320935818152,-8.30120376629983,,,1016999.9599456793,4.997999791811485e-09,-0.35261702428841407,-5.430720623651867
05352551-0451205,83.8563003540039,-4.85571813583374,,,,,,,,,,,1.593000054359436,0.3589219405562241,0.3140000104904175,1.6877709484286536,5.992995110427278,-7.5288550380132495,,,984000.0271797174,2.95899997837523e-08,-0.5030703374174528,-4.493263992037037
05333855-0513125,83.41065979003906,-5.220147132873535,,,,,,,,,,,0.6620000004768372,0.1845015303711745,0.3089999854564667,1.230066223843856,6.336059274427623,-8.706195662977326,,,2167999.982833865,1.966999896296786e-09,-0.5100415410158657,-5.521641710357379
05332852-0517262,83.36883544921875,-5.290629863739014,,,,,,,,,,,0.6150000095367432,0.4570881858508973,0.4959999918937683,1.6111402127968897,6.192288624006493,-8.696803954622316,,,1557000.041007997,2.0099999442635375e-09,-0.3045183306075681,-5.804943801285887
05455311-0013248,86.47130584716797,-0.2235769927501678,,,,,,,,,,,1.409000039100647,0.2576321236205974,0.4569999873638153,1.27625243005657,6.464936437356967,-9.006960757737012,,,2917000.0553131127,9.841000236932018e-10,-0.3400838119385204,-5.962588328134368
05354355-0505414,83.93148040771484,-5.094851016998291,,,,,,,,,,,0.221000000834465,0.3741106001840286,0.4199999868869781,1.5610002607379607,6.172310965179583,-8.69962195714218,,,1486999.9885559077,1.9969998987789946e-09,-0.37675072316141656,-5.73387934940151
05454612-0044407,86.44220733642578,-0.7446399927139282,,,,,,,,,,,1.3020000457763672,0.2728977716889368,0.3529999852180481,1.4264650080182115,6.216693587350538,-8.688246150050924,,,1646999.955177306,2.049999947573153e-09,-0.4522253127983539,-5.6184765141912845
05353070-0518071,83.8779296875,-5.301982879638672,,,,,,,,,,,2.6029999256134038,0.4602565604424525,0.3199999928474426,1.889238162191864,5.880813586831113,-7.729554097435796,,,759999.990463256,1.8639999765923683e-08,-0.49485003138733225,-4.749425653539996
05312062-0049197,82.83594512939453,-0.8221549987792969,,,,,,,,,,,-1.253999948501587,0.1648162420479321,0.1809999942779541,1.341072290942589,6.023252438041624,-8.288361478283788,,,1054999.9475479128,5.1479998042225394e-09,-0.74232143886039,-4.968410595973406
05361475-0613169,84.06148529052734,-6.221367835998535,,,,,,,,,,,0.4230000078678131,0.2355049170123209,0.4110000133514404,1.2653796589158437,6.429106025911254,-8.870632418456857,,,2686000.1087188697,1.3469999560200536e-09,-0.3861581640157634,-5.788624768548474
05380826-0235562,84.5344467163086,-2.5989670753479,,,,,,,,,,,1.4270000457763672,0.4698940988026584,0.4020000100135803,1.762974875541491,6.012837212641808,-8.675306104995872,,,1029999.971389771,2.1119999082941385e-09,-0.39577393609751343,-5.753505193978905
05400195-0221325,85.0081558227539,-2.359045028686523,,,,,,,,,,,1.9989999532699585,0.4236429700032502,0.356000006198883,1.754128358281943,5.984527301540864,-8.543026997569408,,,964999.9737739571,2.863999926105978e-09,-0.448549994464932,-5.572882239417758
05291271-0010187,82.30296325683594,-0.1718810051679611,,,,,,,,,,,0.2000000029802322,0.2382319328111594,0.6539999842643738,1.1033818417808507,6.847387562092479,-9.361910283131182,,,7037000.17929077,4.3459999488071307e-10,-0.18442226212511456,-6.337222296681499
05334545-0536323,83.43939208984375,-5.60899019241333,,,,,,,,,,,3.0429999828338623,0.6823387040682957,0.2949999868869781,2.3327550930045104,5.50920254092412,-8.271078339294966,,,323000.01382827753,5.357000176786631e-09,-0.5301780033266275,-5.403573864565654
05385922-0233514,84.74678039550781,-2.564279079437256,,,,,,,,,,,1.741000056266785,0.2642408702198117,0.3980000019073486,1.350637845771218,6.330413794638585,-8.47586361055068,,,2140000.1049041767,3.343000098965381e-09,-0.40011692584502834,-5.418565285134794
05354049-0452260,83.91873931884766,-4.873906135559082,,,,,,,,,,,1.3309999704360962,0.1995262369736742,0.3619999885559082,1.2170210749432009,6.422261459585852,-8.741362729186488,,,2644000.0534057603,1.813999950250892e-09,-0.4412914431964089,-5.599507350104621
05345833-0554288,83.74307250976562,-5.908013820648193,,,,,,,,,,,1.3459999561309814,0.4613175793721995,0.460999995470047,1.662102669875724,6.124178045828214,-8.236497125196268,,,1330999.9704360971,5.801000124705527e-09,-0.3362990788778868,-5.336518079365337
05345201-0524187,83.71674346923828,-5.405220985412598,,,,,,,,,,,1.7280000448226929,0.2937649616481951,0.3379999995231628,1.498861563965303,6.143951118505248,-8.323489270031907,,,1393000.0066757216,4.748000215215595e-09,-0.471083300335031,-5.262192340412732
05345292-0528591,83.72050476074219,-5.483089923858643,,,,,,,,,,,0.135000005364418,0.1312199811134032,0.2450000047683715,1.108299763612823,6.3500541094875125,-8.364817942215534,,,2239000.082015991,4.317000090736661e-09,-0.6108339071829066,-5.059955038580125
05353672-0510004,83.90301513671875,-5.166781902313232,,,,,,,,,,,1.5290000438690186,0.1306170878092994,0.2090000063180923,1.1501397053967648,6.245018874742863,-8.392652244457345,,,1758000.0162124631,4.048999802108714e-09,-0.6798537007601777,-5.052526847428766
05344518-0510476,83.68829345703125,-5.179903984069824,,,,,,,,,,,1.371999979019165,0.4197589800735463,0.3689999878406524,1.7247005802450055,6.01367967441522,-7.730487061324847,,,1031999.9456405649,1.859999976261409e-08,-0.4329736481518818,-4.766060517809293
05401513-0057266,85.06307983398438,-0.9574019908905028,,,,,,,,,,,0.5509999990463257,0.1963360199231302,0.4429999887943268,1.1336843929238616,6.607240488688962,-9.349206951350904,,,4047999.858856198,4.4750000927074015e-10,-0.35359628476239796,-6.230973206545388
05360110-0615314,84.00459289550781,-6.258735179901123,,,,,,,,,,,0.7450000047683716,0.381944259727038,0.4510000050067901,1.5369299125701148,6.216429838173389,-8.467882876138434,,,1646000.0276565554,3.4050000596863546e-09,-0.3458234533007062,-5.519152558966706
05333304-0511555,83.38770294189453,-5.198750972747803,,,,,,,,,,,1.0520000457763672,0.2636331408982031,0.335999995470047,1.424714798295856,6.198106984962564,-8.568636235623158,,,1577999.9494552612,2.700000001354398e-09,-0.4736607284653155,-5.48214549129278
05392030-0118253,84.83458709716797,-1.307034969329834,,,,,,,,,,,1.2209999561309814,0.2786121122744104,0.2870000004768371,1.533753701868584,6.061075332265944,-8.978810710916731,,,1151000.0228881831,1.049999975855087e-09,-0.5421181025444477,-5.87085098822863
05342587-0456274,83.60783386230469,-4.940961837768555,,,,,,,,,,,0.4779999852180481,0.3435579584618176,0.4169999957084656,1.504224664745332,6.216693587350538,-8.247797831363837,,,1646999.955177306,5.652000201195049e-09,-0.37986394949576224,-5.260270403189322
05354669-0549262,83.9445571899414,-5.823967933654785,,,,,,,,,,,0.4749999940395355,0.6823387040682957,0.5189999938011169,1.8887688442154975,6.004751171568097,-8.109411331097954,,,1011000.037193299,7.773000021416e-09,-0.28483264733871116,-5.31702490451001
05353369-0446237,83.89038848876953,-4.773270130157471,,,,,,,,,,,1.3650000095367432,0.4909078925919903,0.4979999959468841,1.6603537883791848,6.155032234877524,-8.108128153411956,,,1429000.0200271604,7.79600028977256e-09,-0.3027706607749127,-5.2335710776828455
05351455-0615127,83.81066131591797,-6.2535400390625,,,,,,,,,,,4.060999870300293,0.6025595877283207,0.4040000140666961,1.9717818408257572,5.88930168914581,-8.383104593582102,,,774999.9761581421,4.138999809555342e-09,-0.3936186197678891,-5.5145409607699
05343005-0449506,83.625244140625,-4.83073902130127,,,,,,,,,,,0.625,0.4508167191433074,0.5450000166893005,1.5500782151626695,6.281260690089265,-7.971835580792827,,,1911000.0133514395,1.066999999466133e-08,-0.26360348442414466,-5.089899136692272
05395465-0246341,84.97772979736328,-2.7761390209198,,,,,,,,,,,0.9710000157356262,1.3091819190464828,0.5289999842643738,2.4876938434082163,5.693726938233895,-7.815308583671066,,,493999.98784065264,1.5299999489570837e-08,-0.2765443408833317,-5.160209828379852
05385200-0246436,84.7166976928711,-2.77879810333252,,,,,,,,,,,0.5860000252723694,0.7585775797141698,0.5389999747276306,1.949107957592096,5.980003363994143,-8.62911696370978,,,954999.9833106999,2.34900010553929e-09,-0.26841125517624986,-5.86556851269923
05352804-0517202,83.8668441772461,-5.288956165313721,,,,,,,,,,,1.034000039100647,0.2722701323024972,0.1949999928474426,1.6876723694271814,5.691965114763296,-8.384576057935641,,,492000.01358985866,4.124999897214816e-09,-0.709965404567309,-5.237597507385704
05365186-0508358,84.21609497070312,-5.143281936645508,,,,,,,,,,,0.0430000014603138,0.3483373115938737,0.5220000147819519,1.403234174185633,6.398634315606492,-9.217384082939493,,,2503999.9485015874,6.061999791029389e-10,-0.28232948469942354,-6.265910238772886
05342298-0441392,83.59577941894531,-4.694241046905518,,,,,,,,,,,1.347000002861023,0.6353309363859276,0.4670000076293945,1.9066152042805449,5.9609461837254605,-8.3896592809976,,,913999.9747276299,4.077000070878959e-09,-0.33068311233880454,-5.5631705831997404
05364039-0613334,84.1683120727539,-6.22594690322876,,,,,,,,,,,0.6359999775886536,0.3801894077999425,0.5699999928474426,1.417714183774354,6.422753953505991,-8.748361770630076,,,2647000.0743865985,1.7850000366692563e-09,-0.2441251497771862,-5.830392997436485
05353178-0023065,83.88243103027344,-0.3851490020751953,,,,,,,,,,,1.1390000581741333,0.4130474988155993,0.414000004529953,1.642583692349844,6.10448709600874,-8.611898817735504,,,1271999.9551773062,2.443999891355023e-09,-0.3829996541270876,-5.666937598067938
05354413-0448048,83.93388366699219,-4.801342010498047,,,,,,,,,,,1.402999997138977,0.5470159698008789,0.503000020980835,1.7353641540877724,6.09933526714211,-8.603800655698588,,,1256999.9694824207,2.4899999839789156e-09,-0.2984319968290415,-5.757072699032326
05353635-0531378,83.90147399902344,-5.527184963226318,,,,,,,,,,,0.4070000052452087,0.2328091170756021,0.1990000009536743,1.5508685359595564,5.881954985199804,-7.726535711995366,,,762000.0243186952,1.8770000664858357e-08,-0.7011469215090095,-4.511471572866001
05352277-0428510,83.84490966796875,-4.480854988098145,,,,,,,,,,,0.3519999980926513,0.3698281702379536,0.4699999988079071,1.492915834291236,6.269746359554891,-8.234033578951253,,,1860999.941825868,5.8339999498002685e-09,-0.3279021431658131,-5.28375232950521
05345073-0527010,83.71138763427734,-5.450296878814697,,,,,,,,,,,1.4819999933242798,0.7816278031937635,0.5809999704360962,1.9206400450734968,6.026941632240919,-8.112495249804658,,,1064000.010490418,7.717999572776081e-09,-0.23582388970853435,-5.366686765076585
05351539-0433262,83.81414031982422,-4.557290077209473,,,,,,,,,,,0.2560000121593475,0.5370317831033883,0.5730000138282776,1.6439358532736303,6.224274014047136,-8.75770709772272,,,1675999.9990463255,1.7469999891162028e-09,-0.24184536755172945,-5.923928049970591
05354600-0057522,83.94170379638672,-0.9645050168037416,,,,,,,,,,,0.3899999856948852,0.6280583486419867,0.6460000276565552,1.6856409568779225,6.243781921291662,-8.48758245695467,,,1753000.020980835,3.2539999583747245e-09,-0.18976746341189882,-5.704972430841511
05392639-0215034,84.85999298095703,-2.250967979431152,,,,,,,,,,,0.3210000097751617,0.5345643412021641,0.6769999861717224,1.5501178029246572,6.3800302351920966,-8.919012957169015,,,2398999.9294281024,1.2049999886798431e-09,-0.16941134018567505,-6.10352454362815
05355462-0527075,83.97761535644531,-5.452099800109863,,,,,,,,,,,0.6019999980926514,0.3523708636916064,0.4690000116825104,1.4621342936089683,6.297103648686477,-9.131003101998528,,,1981999.993324278,7.395999923609506e-10,-0.32882714646690026,-6.168423471971529
05345304-0503271,83.72101593017578,-5.057534217834473,,,,,,,,,,,0.335999995470047,0.4325138383956809,0.5320000052452087,1.535026961286647,6.28352736572411,-8.43889860690977,,,1921000.0038146968,3.6400000791303447e-09,-0.27408836342306236,-5.544113717270898
05354987-0518308,83.95781707763672,-5.308582782745361,,,,,,,,,,,2.901000022888184,0.3334264142275879,0.3379999995231628,1.592111510347152,6.078456801458615,-8.20655886212091,,,1197999.9542236337,6.215000070142201e-09,-0.471083300335031,-5.172187814032242
05320040-0140110,83.0016860961914,-1.669734954833984,,,,,,,,,,,0.3120000064373016,0.3419794498355515,0.6809999942779541,1.279500447247947,6.651374938737005,-8.70245831569024,,,4480999.94659424,1.984000075339053e-09,-0.16685289173633813,-5.778323057383348
05345156-0525129,83.71485137939453,-5.420277118682861,,,,,,,,,,,1.6089999675750732,1.2133888473008831,0.5350000262260437,2.3947935888194984,5.736396515575855,-8.067983098230625,,,545000.0166893001,8.55099990815234e-09,-0.27164619668937756,-5.400909097906466
05322578-0036533,83.107421875,-0.6148149967193604,,,,,,,,,,,0.7699999809265137,0.5035005996663322,0.4390000104904175,1.7601085220996953,6.038620183548973,-8.339324192579296,,,1093000.0543594363,4.578000201149739e-09,-0.3575354693799051,-5.450383319122895
05353066-0527167,83.87776184082031,-5.454649925231934,,,,,,,,,,,1.1619999408721924,0.3881503540578086,0.3370000123977661,1.7138234304492546,5.996511665056413,-8.639406567315842,,,991999.9837875373,2.294000100988572e-09,-0.4723700831515655,-5.637262134684304
05343064-0435526,83.62767791748047,-4.597960948944092,,,,,,,,,,,1.9739999771118164,0.3572728407016879,0.4429999887943268,1.4997730427091107,6.2410481466297485,-8.481091413731303,,,1741999.9837875383,3.3030000956557553e-09,-0.35359628476239796,-5.513405870117726
05344178-0453462,83.67411041259766,-4.896180152893066,,,,,,,,,,,0.8849999904632568,0.3564511220765602,0.4399999976158142,1.5024211928636977,6.2367891054118365,-8.951169912009007,,,1725000.0238418588,1.1190000037686348e-09,-0.35654732586708243,-5.981881334482255
05353447-0440207,83.89363098144531,-4.672428131103516,,,,,,,,,,,3.400000095367432,0.7550922252818875,0.6549999713897705,1.8132415675290727,6.155336021535235,-8.249337338479007,,,1429999.9475479133,5.632000199540253e-09,-0.18375871897808727,-5.509918228986232
05382915-0216156,84.62149810791016,-2.271023988723755,,,,,,,,,,,0.8859999775886536,0.7311390710406359,0.6840000152587891,1.7619550046780512,6.210050844257467,-8.209855642799628,,,1621999.9790191657,6.167999888617708e-09,-0.16494388859156825,-5.4693262636289735
05392519-0238220,84.85499572753906,-2.639452934265137,,,,,,,,,,,1.3930000066757202,1.0839269143931118,0.546999990940094,2.260198629111624,5.808885863179469,-7.758702599086612,,,643999.9938011168,1.7430000553986267e-08,-0.2620126808597451,-5.072775894578348
05360808-0441205,84.03369140625,-4.689050197601318,,,,,,,,,,,0.5210000276565552,0.3990249124387328,0.4480000138282776,1.5720253341925228,6.185258749886661,-8.80382381585616,,,1531999.9456405647,1.5709999967583593e-09,-0.34872197259662263,-5.864614180764283
05340383-0436062,83.51599884033203,-4.60172700881958,,,,,,,,,,,0.6510000228881836,0.2306747059551769,0.4289999902248382,1.2361165263513127,6.477988982313338,-8.814174629598787,,,3006000.0419616685,1.5340000381058888e-09,-0.3675427177110773,-5.73322768453821
05384423-0240197,84.68429565429688,-2.67214298248291,,,,,,,,,,,0.1809999942779541,0.8452788472484717,0.6819999814033508,1.8740643940907304,6.126780572681571,-8.985479462613128,,,1338999.9866485598,1.0339999967357e-09,-0.16621563718578242,-6.277738572721905
05343614-0605346,83.65060424804688,-6.092970848083496,,,,,,,,,,,0.0480000004172325,0.2618182904731396,0.3729999959468841,1.3733978021449569,6.28420507329876,-8.715343711319152,,,1924000.024795531,1.9260000261311916e-09,-0.42829117291047025,-5.645021213514214
05343266-0521074,83.6360855102539,-5.352068901062012,,,,,,,,,,,0.7400000095367432,0.2685344569491132,0.4600000083446502,1.2979134462196775,6.444825212894234,-9.191451465275732,,,2785000.085830687,6.434999755278171e-10,-0.33724216044008787,-6.158576793734037
05390357-0246269,84.76487731933594,-2.77416205406189,,,,,,,,,,,0.9369999766349792,0.2084490910561493,0.3269999921321869,1.2824984644391468,6.315130313976047,-8.839531479597534,,,2065999.9847412095,1.4469999642940917e-09,-0.4854522577890958,-5.691528711737973
05352279-0531372,83.84497833251953,-5.527012825012207,,,,,,,,,,,1.85699999332428,0.5199959854003063,0.3529999852180481,1.9374460686002744,5.879669214920949,-8.180390254688822,,,758000.0162124627,6.601000190897827e-09,-0.4522253127983539,-5.249177347628586
05343024-0511481,83.62603759765625,-5.196722030639648,,,,,,,,,,,3.6540000438690186,1.3212956321918252,0.460999995470047,2.6486675752680235,5.605305043057917,-7.232769898918421,,,402999.99713897664,5.851000040024702e-08,-0.3362990788778868,-4.546108796261455
05355405-0447193,83.9752426147461,-4.788712024688721,,,,,,,,,,,0.625,0.2811900836573639,0.3540000021457672,1.445945317312966,6.201123893558257,-8.314347827679928,,,1588999.986648561,4.848999868301005e-09,-0.45099673534174084,-5.252375508567094
05321016-0037124,83.04234313964844,-0.6201149821281433,,,,,,,,,,,0.5600000023841858,0.7095777615359237,0.9610000252723694,1.5279985788145722,6.570309377860857,-9.165515701318595,,,3717999.9351501465,6.831000209928117e-10,-0.017276600910382398,-6.444708667615652
05345802-0517376,83.74179077148438,-5.293800830841064,,,,,,,,,,,3.3310000896453857,0.4395416221942006,0.4580000042915344,1.6290586321300042,6.149219102374428,-8.585360847023761,,,1409999.9666213982,2.598000037323798e-09,-0.33913451792672095,-5.671864362012302
05470696+0000477,86.77899932861328,0.0132550001144409,,,,,,,,,,,1.4220000505447388,1.093956368298981,0.5809999704360962,2.218119867741602,5.848804682865628,-7.76649624878721,,,705999.9704360979,1.711999964015834e-08,-0.23582388970853435,-5.093923040207901
05352253-0452369,83.84387969970703,-4.876937866210938,,,,,,,,,,,3.0980000495910645,0.5623413251903491,0.3160000145435333,2.08609856870594,5.761175829665326,-7.64493180880766,,,577000.0219345095,2.2649999209534157e-08,-0.500312897393697,-4.707779767249843
05334822-0513262,83.45092010498047,-5.223948001861572,,,,,,,,,,,1.1929999589920044,0.1749846571427898,0.3630000054836273,1.1409044317615908,6.504062870741302,-8.584859634115595,,,3191999.9122619606,2.601000081980945e-09,-0.44009336840325647,-5.410735906606564
05354886-0612078,83.95361328125,-6.202184200286865,,,,,,,,,,,0.9020000100135804,1.3243415393751203,0.7289999723434448,2.2174531583191253,5.940516474483186,-8.01108449103795,,,871999.9790191657,9.747999740739035e-09,-0.1372724881581427,-5.412815389206038
05352864-0447265,83.86934661865234,-4.790700912475586,,,,,,,,,,,1.8040000200271609,0.3515604436162873,0.3070000112056732,1.681535288844929,5.989004626318421,-8.129245065925149,,,975000.0238418569,7.425999815069408e-09,-0.5128616086708202,-5.084166323275995
05354486-0507170,83.93692016601562,-5.121395111083984,,,,,,,,,,,0.9629999995231628,3.2583670958813022,0.5709999799728394,3.671826990205483,5.227886704000988,-8.111876711666074,,,168999.99976158145,7.728999662504074e-09,-0.24336390698652588,-5.686004359199517
05350167-0432529,83.75697326660156,-4.548037052154541,,,,,,,,,,,0.6610000133514404,0.2084490910561493,0.4359999895095825,1.1718915844889728,6.5550944381950895,-9.370590387600387,,,3589999.9141693125,4.2600001304293993e-10,-0.3605135211807958,-6.2659330384266365
05352746-0517099,83.86444854736328,-5.286098003387451,,,,,,,,,,,4.0929999351501465,1.8749945163020805,0.4359999895095825,3.1833711122706347,5.222716459987166,-7.330776114920107,,,166999.99570846563,4.6690001198612676e-08,-0.3605135211807958,-4.773883109476189
05352909-0529103,83.87122344970703,-5.486203193664551,,,,,,,,,,,2.23799991607666,0.9571940726413856,0.4729999899864197,2.271871636456069,5.767897634747869,-8.011129049448297,,,586000.0252723688,9.746999651838449e-09,-0.3251388684563591,-5.270307355015961
05353089-0455178,83.87873077392578,-4.921630859375,,,,,,,,,,,0.3630000054836273,0.4943106934996247,0.5379999876022339,1.6214618203060631,6.214843844259508,-7.972242795560655,,,1639999.9856948867,1.0659999993833943e-08,-0.2692177343415689,-5.111230633020081
05362788-0625360,84.11619567871094,-6.426677227020264,,,,,,,,,,,0.2140000015497207,0.1355189503115454,0.1940000057220459,1.193603173620758,6.17811324351993,-9.183626107693687,,,1506999.9694824233,6.552000053616812e-10,-0.7121982572602228,-5.834245647526447
05344188-0453382,83.67452239990234,-4.893969058990479,,,,,,,,,,,1.0269999504089355,0.3732501551319357,0.2860000133514404,1.767738906619822,5.913283904794671,-8.363813095611128,,,819000.0057220457,4.327000091564065e-09,-0.5436339465966327,-5.314890233475607
05390878-0231115,84.78658294677734,-2.519866943359375,,,,,,,,,,,1.2400000095367432,0.1682674103563098,0.3019999861717224,1.1831269962654714,6.3729119836653165,-9.368657720401314,,,2359999.895095827,4.278999932161302e-10,-0.5199930769287593,-6.157642557493659
05351403-0552090,83.80848693847656,-5.869180202484131,,,,,,,,,,,0.6899999976158142,0.5701642686811527,0.8640000224113464,1.4575486932155195,6.583652121073175,-8.844967762268414,,,3834000.110626225,1.429000029418149e-09,-0.06348624625591694,-6.066155780223197
05383902-0245321,84.66261291503906,-2.758935928344727,,,,,,,,,,,1.1549999713897705,0.218776149183567,0.402999997138977,1.2300905363051091,6.4559102574890455,-9.075617312114524,,,2857000.1125335665,8.402000206686469e-10,-0.3946949569420829,-5.972887484443872
05474836+0040589,86.95153045654297,0.6830329895019531,,,,,,,,,,,1.9739999771118164,1.0375284176335533,0.4480000138282776,2.409774108167959,5.698100556828538,-7.420788234655761,,,499000.012874603,3.794999869910498e-08,-0.34872197259662263,-4.681858018976091
05352459-0511296,83.85249328613281,-5.19157600402832,,,,,,,,,,,4.651999950408936,0.8413951358713411,0.460999995470047,2.17040333278083,5.812244689461358,-7.6495581591686,,,648999.9890327451,2.2409999189676465e-08,-0.3362990788778868,-4.877820478049771
05353528-0521271,83.89704132080078,-5.357541084289551,,,,,,,,,,,0.5619999766349792,0.2890680050579291,0.5509999990463257,1.2403182112789235,7.243682784292302,-8.127261188300212,,,17525999.06921388,7.459999729064745e-09,-0.2588484018998946,-4.855060243347575
05350370-0450530,83.76545715332031,-4.848080158233643,,,,,,,,,,,2.345999956130981,1.088930094529033,0.4740000069141388,2.4022210179792536,5.708420881087503,-7.75671384001205,,,510999.9775886536,1.7510000560605493e-08,-0.32422165199095226,-5.0413865606153525
05455738+0020222,86.48909759521484,0.3395020067691803,,,,,,,,,,,2.5339999198913574,1.0115794539995848,0.5419999957084656,2.2024339114894533,5.835690573004015,-7.933674071814232,,,685000.0023841865,1.1650000075746897e-08,-0.2660007169003395,-5.232194876294287
05342572-0456554,83.6072006225586,-4.948729038238525,,,,,,,,,,,1.366000056266785,0.7550922252818875,0.746999979019165,1.7309993884617083,6.276461800886137,-8.894149335025721,,,1889999.9856948862,1.2759999723499513e-09,-0.12667941038254096,-6.169806667395278
05352157-0509497,83.83990478515625,-5.163815975189209,,,,,,,,,,,0.7680000066757202,0.1475706633732265,0.3429999947547912,1.0687910770592994,6.558828530993614,-9.18118049896148,,,3621000.051498411,6.588999901246947e-10,-0.46470588659852763,-5.956568308409247
05373003-0048520,84.37516021728516,-0.8144659996032715,,,,,,,,,,,0.6859999895095825,0.6039486338523744,0.5960000157356262,1.7051073011267044,6.193124582424635,-8.212822996782243,,,1559999.9427795417,6.126000151596133e-09,-0.22475372879349587,-5.4112755142419005
05391151-0231065,84.79798126220703,-2.518485069274902,,,,,,,,,,,0.7990000247955322,0.5236004506705887,0.4970000088214874,1.709531370240197,6.115610494218627,-8.893129449746455,,,1304999.9475479121,1.2790000170070903e-09,-0.3036436035581703,-6.033787212592644
05360729-0542216,84.0303955078125,-5.706016063690186,,,,,,,,,,,0.4490000009536743,0.9418895953594166,0.7360000014305115,1.9090997423841904,6.135132654411027,-8.242755860265696,,,1365000.009536742,5.7179998513845434e-09,-0.1331221848183935,-5.569193598310987
05355225-0443048,83.96772766113281,-4.718019008636475,,,,,,,,,,,0.3549999892711639,0.5164163687050675,0.6190000176429749,1.5751230833224104,6.316389756670161,-8.233438431236948,,,2072000.0267028795,5.84200021691571e-09,-0.2083093386014547,-5.399904286689898
05393938-0217045,84.9140853881836,-2.284590005874634,,,,,,,,,,,1.6460000276565552,0.8770008210834529,0.6000000238418579,1.9934004699126804,5.992111484834578,-8.61154353502085,,,981999.9933242791,2.4460000691561837e-09,-0.2218487323590445,-5.895937790744183
05400889-0233336,85.03704071044922,-2.559356927871704,,,,,,,,,,,1.8329999446868896,1.0495424279681125,0.5429999828338623,2.2360777593536163,5.818225888578387,-7.540607503093956,,,657999.992370605,2.8800000606565875e-08,-0.2652001841407276,-4.847218195148546
05360665-0614259,84.0277328491211,-6.240539073944092,,,,,,,,,,,0.395000010728836,0.66069343712639,0.5559999942779541,1.816243561148404,6.08134729715783,-8.365623523688457,,,1205999.9704360953,4.308999823621204e-09,-0.2549252128874623,-5.575738317515082
05402461-0152309,85.10254669189453,-1.875272989273071,,,,,,,,,,,1.2230000495910645,0.440554857218313,0.5350000262260437,1.544450394087726,6.27783833933701,-8.664141106147186,,,1896000.027656555,2.166999912844859e-09,-0.27164619668937756,-5.774470717927661
05392927+0003390,84.87198638916016,0.0608520060777664,,,,,,,,,,,1.2619999647140503,0.6823387040682957,0.7829999923706055,1.630668248615843,6.3762118541144055,-8.99524886570543,,,2378000.020980834,1.010999950423753e-09,-0.10623824217373472,-6.253129554147424
05351632-0515380,83.81803131103516,-5.26055908203125,,,,,,,,,,,3.9159998893737793,1.0990058422983442,0.593999981880188,2.2040062341844706,5.866877815181606,-8.435097323051078,,,736000.0014305111,3.672000037369116e-09,-0.2262135682668443,-5.766016525107961
05352169-0534468,83.84040069580078,-5.579677104949951,,,,,,,,,,,0.0599999986588954,0.8892011198105596,0.481000006198883,2.184017374577201,5.812244689461358,-7.31821624575461,,,648999.9890327451,4.805999864743175e-08,-0.3178549180292022,-4.567441250216375
05380674-0230227,84.5280990600586,-2.506324052810669,,,,,,,,,,,2.059999942779541,0.8609937569112761,0.5199999809265137,2.086849291561261,5.88479537501886,-8.514420531215615,,,767000.0195503228,3.0589999422403484e-09,-0.2839966722950278,-5.772300197737164
05355765-0557183,83.9902114868164,-5.955097198486328,,,,,,,,,,,0.460999995470047,0.3689775999880771,0.4720000028610229,1.489722520375693,6.272537783345733,-8.127028364335183,,,1873000.0257492065,7.464000084667086e-09,-0.32605799873344093,-5.177695470608193
05345651-0527510,83.7354736328125,-5.464185237884521,,,,,,,,,,,0.9739999771118164,0.30619634437764,0.4329999983310699,1.4074002208959508,6.314920068026575,-9.01623844182068,,,2065000.0572204634,9.63299995326851e-10,-0.36351210532055406,-6.00691302196903
05361584-0614507,84.06600189208984,-6.247425079345703,,,,,,,,,,,0.625,0.165958701676698,0.4099999964237213,1.0705939829903053,6.644340090935477,-8.585528058995846,,,4408999.919891362,2.596999948423217e-09,-0.38721614706845503,-5.413831398057724
05342978-0451477,83.62410736083984,-4.863253116607666,,,,,,,,,,,2.6470000743865967,0.2421029065343498,0.7089999914169312,1.0811442357716787,6.9200711370429175,-9.082757152829265,,,8319000.244140632,8.264999795670715e-10,-0.14935377007445033,-6.068044699022694
05352372-0448166,83.84884643554688,-4.80461597442627,,,,,,,,,,,0.6639999747276306,0.1315224885622526,0.2129999995231628,1.148338201595014,6.251151341317024,-8.537751795281114,,,1782999.9923706052,2.898999929001892e-09,-0.6716203975335053,-5.2044627813289805
05361847-0620387,84.07699584960938,-6.344091892242432,,,,,,,,,,,0.2540000081062317,0.3221068690490374,0.5059999823570251,1.3685337051043336,6.415140363979412,-8.927382503837954,,,2601000.0705718985,1.1820000533901996e-09,-0.295849498302981,-5.953756576056227
05351784-0444524,83.82437133789062,-4.747907161712646,,,,,,,,,,,0.7009999752044678,0.7112135105297984,0.6340000033378601,1.7887879639941926,6.155639632023192,-8.716472629324166,,,1430999.9942779553,1.9210000257174906e-09,-0.19791073983180954,-5.960844240358687
05350822-0537047,83.78424835205078,-5.617991924285889,,,,,,,,,,,2.674000024795532,0.8298507670588517,0.4370000064373016,2.205863644971468,5.783903565307936,-7.970210529250423,,,607999.9804496765,1.0709999997970957e-08,-0.3595185566321307,-5.183734324180745
05394017-0220480,84.91738891601562,-2.34667706489563,,,,,,,,,,,0.9240000247955322,0.9036494742183862,0.7730000019073486,1.843320393769002,6.205204356459935,-8.395449950671338,,,1603999.9723434458,4.023000155228827e-09,-0.11182050501006968,-5.717290357408933
05353560-0515432,83.89835357666016,-5.262008190155029,,,,,,,,,,,1.0420000553131104,0.605340882064942,0.4009999930858612,1.98188218741624,5.880813586831113,-8.259400500321428,,,759999.990463256,5.502999833595371e-09,-0.39685563486802805,-5.390647452668755
05380097-0226079,84.50405883789062,-2.435533046722412,,,,,,,,,,,0.5220000147819519,0.1581248042742671,0.3680000007152557,1.0817909467573783,6.575995615585437,-9.005814847591909,,,3766999.9599456824,9.867000549945696e-10,-0.43415218048237475,-5.808870735024194
05350460-0458289,83.76920318603516,-4.97471809387207,,,,,,,,,,,2.7330000400543213,0.2172701240887653,0.7559999823570251,0.990288101701292,7.10452124298104,-9.335734192121455,,,12720999.717712397,4.6160000821693504e-10,-0.12147821463404045,-6.27687293503598
05341262-0450247,83.55261993408203,-4.840205192565918,,,,,,,,,,,0.7760000228881836,2.202926436447525,0.8159999847412109,2.6765556181578085,5.764176110291466,-8.28827711718734,,,580999.9704360963,5.148999893123111e-09,-0.08830984936722704,-5.818153102906342
05353300-0443588,83.88751220703125,-4.73301887512207,,,,,,,,,,,1.1239999532699585,1.093956368298981,1.065999984741211,1.7593791972767208,6.4263485592005845,-8.42782566078349,,,2668999.910354612,3.734000220134699e-09,0.027757198474035693,-5.817386589111747
05332136-0521347,83.33903503417969,-5.359641075134277,,,,,,,,,,,2.976999998092652,1.8030177913403385,0.6570000052452087,2.639621387161264,5.69460520311716,-7.993962047109528,,,495000.00476837176,1.0139999950808939e-08,-0.1824346269729967,-5.445462487045303
05333982-0038541,83.41593170166016,-0.6483780145645142,,,,,,,,,,,0.163000002503395,0.440554857218313,0.7519999742507935,1.378091055066432,6.596047000196317,-9.240181123574663,,,3944999.933242795,5.751999987424517e-10,-0.12378217427902066,-6.387744131860937
05343371-0540227,83.64049530029297,-5.672987937927246,,,,,,,,,,,1.7929999828338623,0.2697739396900861,0.2360000014305114,1.5915528648716724,5.950851462135163,-8.604673609802896,,,893000.0066757209,2.4849999835652203e-09,-0.6270879943974222,-5.445456472042284
05351885-0444100,83.82855224609375,-4.736125946044922,,,,,,,,,,,1.1349999904632568,0.1761976013523838,0.1509999930858612,1.4581697454211937,5.7058637261441225,-8.90868483562768,,,508000.0162124633,1.2340000132837744e-09,-0.8210230725927404,-5.62976987865975
05350585-0448432,83.77438354492188,-4.812009811401367,,,,,,,,,,,1.625,0.4753352108077584,0.6480000019073486,1.496821046428755,6.4087486000435225,-8.631713120463003,,,2562999.9637603755,2.334999971154165e-09,-0.18842499285108724,-5.782808134350927
05350801-0532442,83.78340911865234,-5.545637130737305,,,,,,,,,,,1.9040000438690183,0.6180163911475471,0.6309999823570251,1.6888408422055468,6.231979019305455,-8.238448008898754,,,1705999.970436097,5.775000033736433e-09,-0.19997065289888744,-5.449093945300454
05303164+0203051,82.63187408447266,2.051433086395264,,,,,,,,,,,0.8149999976158142,0.4549880521571232,0.6179999709129333,1.4923759537750605,6.390581868777376,-8.47340228938264,,,2457999.9446868896,3.3620000117195964e-09,-0.20901154535188454,-5.608568352556192
05350052-0601235,83.75218200683594,-6.023196220397949,,,,,,,,,,,0.6370000243186951,0.1603245329079671,0.4129999876022339,1.0500747331903262,6.673205271934466,-8.635449010367955,,,4711999.893188477,2.314999969499358e-09,-0.38404996138060016,-5.4554838828199985
05352791-0614150,83.86630249023438,-6.237517833709717,,,,,,,,,,,2.187999963760376,0.5069907235827052,0.6620000004768372,1.5276305465434208,6.389874557715883,-8.75325528166053,,,2453999.9961853046,1.7650000350144524e-09,-0.1791420102474787,-5.922660311960035
05384027-0230185,84.66780853271484,-2.505151033401489,,,,,,,,,,,0.7770000100135803,0.7691304401810505,0.492000013589859,2.031363724834181,5.900913069818953,-8.673050006238608,,,796000.0038146981,2.122999998022126e-09,-0.3080348852367033,-5.896982803268763
05392935-0227209,84.87229919433594,-2.455828905105591,,,,,,,,,,,1.0509999990463257,0.2032357142591357,0.3089999854564667,1.2899174013140535,6.302114401744759,-8.121938023637634,,,2005000.114440919,7.551999914312548e-09,-0.5100415410158657,-4.951339413429704
05354764-0537388,83.94853973388672,-5.627448081970215,,,,,,,,,,,1.7450000047683716,0.215278175599735,0.2259999960660934,1.4406305873872145,6.043362285517518,-8.036684494653105,,,1105000.0190734856,9.189999872205606e-09,-0.6458915684122183,-4.8180633317721595
05333148-0609541,83.3812026977539,-6.165049076080322,,,,,,,,,,,1.8559999465942385,0.3118889710797116,0.2689999938011169,1.648545336830114,5.965671982874396,-8.76245627056823,,,924000.0247955328,1.7279999653396763e-09,-0.5702477300055503,-5.6617478765949
05354986-0446323,83.95775604248047,-4.775649070739746,,,,,,,,,,,1.6150000095367432,0.3090295500373891,0.2989999949932098,1.5931898025894635,6.037027874431205,-8.56145765041053,,,1088999.98664856,2.745000005077711e-09,-0.5243288189478826,-5.483602652157781
05382725-0245096,84.61357116699219,-2.752691984176636,,,,,,,,,,,0.8930000066757202,0.5152286592899432,0.4950000047683716,1.7002708763500871,6.12221589390209,-8.18144421405712,,,1325000.0476837147,6.585000100756146e-09,-0.30539479688284044,-5.317396062957743
05274199-0144217,81.92498779296875,-1.739374995231628,,,,,,,,,,,0.6309999823570251,0.6652731545582466,0.8190000057220459,1.5870504211466985,6.43456890860231,-8.596879481006205,,,2720000.028610227,2.5299999872885374e-09,-0.08671609520532884,-5.852956413034701
05390297-0241272,84.76240539550781,-2.69088888168335,,,,,,,,,,,1.7130000591278076,0.3935500743755237,0.4149999916553497,1.60488188273094,6.132899782754034,-8.454692875074207,,,1358000.0400543215,3.5100000683740965e-09,-0.38195191202052325,-5.499241503121404
05322569-0157112,83.10706329345703,-1.953122019767761,,,,,,,,,,,0.828000009059906,0.3396252634544974,0.7419999837875366,1.238387406747432,6.745699214105831,-9.238748941558296,,,5567999.839782712,5.770999789156394e-10,-0.12959610421016896,-6.318179442294584
05341138-0451229,83.54745483398438,-4.856381893157959,,,,,,,,,,,0.781000018119812,0.3118889710797116,0.4199999868869781,1.434239135651523,6.276001992594521,-7.916139194999492,,,1888000.0114440904,1.2130000115462272e-08,-0.37675072316141656,-4.90776735703167
05355077-0516291,83.96155548095703,-5.274771213531494,,,,,,,,,,,0.8510000109672546,0.9705099666461012,0.7519999742507935,1.919396016341423,6.137670545381503,-8.782252925848734,,,1373000.0257492068,1.651000003377587e-09,-0.12378217427902066,-6.11826266776427
05342949-0513551,83.62287902832031,-5.231997966766357,,,,,,,,,,,3.5209999084472656,0.5597575962710917,0.6959999799728394,1.5663103046962936,6.381656481209789,-8.244353764921955,,,2407999.992370607,5.697000204918367e-09,-0.15739077288611245,-5.441858731836129
05382750-0235041,84.61461639404297,-2.584495067596436,,,,,,,,,,,0.8159999847412109,0.2133044894410624,0.3490000069141388,1.271948080426035,6.3500541094875125,-9.128543813380135,,,2239000.082015991,7.438000215742609e-10,-0.45717456443688803,-5.998322223867468
05350900-0427510,83.78753662109375,-4.464187145233154,,,,,,,,,,,0.6269999742507935,1.849268575324059,1.2869999408721924,2.082068947284517,6.316180119692222,-8.35812947138165,,,2071000.0991821296,4.3839998298267404e-09,0.10957852695187607,-5.885976527604843
05244103+0154386,81.1709976196289,1.910727024078369,,,,,,,,,,,0.5559999942779541,0.207014127605733,0.597000002861023,1.0627930977084887,6.8498492042668335,-8.960982677327676,,,7077000.141143795,1.0940000017001218e-09,-0.22402566678934704,-5.890271470924499
05362611-0608038,84.10881042480469,-6.13438892364502,,,,,,,,,,,2.4590001106262207,1.2161860031500955,0.4779999852180481,2.513705375762641,5.664641987210414,-7.744004258737754,,,462000.01239776635,1.8030000603630486e-08,-0.3205721168182582,-5.050823137379281
05352673-0516451,83.86138916015625,-5.279198169708252,,,,,,,,,,,0.7850000262260437,0.1644371800849339,0.2899999916553497,1.1840746294223052,6.355259911741839,-9.017683530532764,,,2266000.032424927,9.600999995029666e-10,-0.5376020145977185,-5.793912035309763
05360508-0629321,84.02118682861328,-6.492268085479736,,,,,,,,,,,-0.5429999828338623,0.2716439364280255,0.8159999847412109,1.0628197885110768,7.038421453224619,-9.580539926153143,,,10925000.190734858,2.6270000064165805e-10,-0.08830984936722704,-6.586550931034367
05344753-0557569,83.69805908203125,-5.965806007385254,,,,,,,,,,,0.7519999742507935,1.38038426649739,0.6399999856948853,2.366009228053765,5.808885863179469,-7.395990050854232,,,643999.9938011168,4.0180001548151254e-08,-0.19382003572335105,-4.787567603147394
05292326-0125153,82.346923828125,-1.420920014381409,,,,,,,,,,,0.221000000834465,0.3191537914671736,0.550000011920929,1.326494081952554,6.498172650903617,-8.349109920681045,,,3148999.929428098,4.476000015074541e-09,-0.25963730109267685,-5.38250486205008
05345044-0520203,83.71017456054688,-5.338985919952393,,,,,,,,,,,1.9429999589920044,0.6382634967023475,0.5130000114440918,1.8432376743455412,6.033825682075937,-8.018271986981416,,,1080999.9704360967,9.587999727500585e-09,-0.2898826251998682,-5.20819296533745
05343395-0534512,83.64149475097656,-5.580898761749268,,,,,,,,,,,2.4189999103546143,0.847227420187028,0.5350000262260437,2.049974533744834,5.915399842509408,-8.560036077167139,,,823000.0138282776,2.7539999170045377e-09,-0.27164619668937756,-5.819370617432117
05351852-0513383,83.8271713256836,-5.227320194244385,,,,,,,,,,,5.132999897003174,2.21819634795336,0.460999995470047,3.3559440899478057,5.143014795784575,-7.202109511723921,,,138999.99856948844,6.279000075437585e-08,-0.3362990788778868,-4.705504172560568
05353217-0511579,83.88407135009766,-5.199440956115723,,,,,,,,,,,2.2790000438690186,0.3372873064369048,0.2790000140666961,1.6952320880330616,5.95036486389473,-8.672845469817474,,,892000.0195503241,2.1240000869227085e-09,-0.5543957748300284,-5.596446623186445
05342792-0526346,83.61637115478516,-5.442958831787109,,,,,,,,,,,0.7549999952316284,0.4045758854785392,0.6629999876022339,1.3873581818131304,6.527114103518717,-8.977984242581815,,,3365999.937057498,1.0520000426339495e-09,-0.17848647971631504,-6.091712690881289
05355018-0521169,83.9591064453125,-5.354715824127197,,,,,,,,,,,0.9919999837875366,0.1541700535892966,0.289000004529953,1.148520482022856,6.390051482962433,-8.478338989569718,,,2454999.9237060547,3.3239999641665413e-09,-0.5391021504360696,-5.2385590817502345
05363616-0555288,84.15068817138672,-5.924681186676025,,,,,,,,,,,1.8229999542236328,0.9204495750376704,0.550000011920929,2.10118850518623,5.894316051326309,-8.15701651609345,,,783999.9794960022,6.966000221098057e-09,-0.25963730109267685,-5.438667672578923
05355433-0526444,83.97639465332031,-5.445690155029297,,,,,,,,,,,0.3129999935626983,0.4528975677206877,0.527999997138977,1.5699544360917126,6.249931755935361,-8.729321179628174,,,1777999.9971389752,1.8649999322661857e-09,-0.2773660798194576,-5.844622760147236
05371885-0020416,84.32854461669922,-0.3449060022830963,,,,,,,,,,,0.6430000066757202,0.9462371609112616,1.0829999446868896,1.6359685411268188,6.540454608182483,-8.677160728063871,,,3470999.9561309787,2.1029999963673167e-09,0.03462843444417612,-6.027620118861723
05215426-0217257,80.47611236572266,-2.290472984313965,,,,,,,,,,,2.200000047683716,0.9078205313618252,0.9120000004768372,1.732338837448053,6.370883012545928,-8.494714338123492,,,2348999.9771118173,3.2009999095805576e-09,-0.04000516144451392,-5.830062924926313
05344907-0526266,83.7044906616211,-5.440728187561035,,,,,,,,,,,1.3769999742507937,0.1510080223800351,0.3100000023841858,1.1149830144402886,6.464936437356967,-8.341606988608136,,,2917000.0553131127,4.5539998438926e-09,-0.5086383028256024,-5.1056641848014
05413275-0157574,85.386474609375,-1.965950965881348,,,,,,,,,,,0.6629999876022339,0.3126079401446998,0.4979999959468841,1.3568702822104604,6.4207806179767415,-8.943476273852971,,,2634999.9904632545,1.1390000054234416e-09,-0.3027706607749127,-5.959665299420583
05352262-0514112,83.8442611694336,-5.236465930938721,,,,,,,,,,,2.996000051498413,1.104078623614534,0.4339999854564667,2.5108094566609664,5.651278027403377,-7.499489077907063,,,448000.0138282771,3.1660000843203366e-08,-0.36251028504089106,-4.764137351444148
05350873-0504407,83.78640747070312,-5.077994823455811,,,,,,,,,,,1.9900000095367432,0.3741106001840286,0.2269999980926513,1.888832899121465,5.637489714959109,-8.358030410347263,,,433999.98545646697,4.384999918727315e-09,-0.6439741464560007,-5.308449941390773
05340300-0536572,83.51251220703125,-5.61591100692749,,,,,,,,,,,1.838000059127808,3.1477482847245013,0.6940000057220459,3.362631672570861,5.465382845065577,-7.776763737103386,,,291999.99570846546,1.671999960706216e-08,-0.15864052596437714,-5.349544728262709
05350576-0533558,83.77400970458984,-5.56550407409668,,,,,,,,,,,2.046999931335449,0.5571857385318973,0.3050000071525574,2.0987854432324924,5.734799815859272,-7.7281583987844655,,,542999.9828338623,1.8699999770888095e-08,-0.515700150468571,-4.7843616455329805
05462243-0008526,86.59347534179688,-0.1479530036449432,,,,,,,,,,,2.382999897003174,1.4321879098877994,1.055999994277954,1.990095675417114,6.256236538027256,-8.231140009198445,,,1804000.0200271595,5.872999864209301e-09,0.0236639158445236,-5.685984807875126
05351809-0515461,83.82538604736328,-5.26281213760376,,,,,,,,,,,2.549999952316284,0.1954339494399487,0.3569999933242798,1.210762963267524,6.431041937967307,-9.185352947810578,,,2697999.9542236305,6.525999740603093e-10,-0.447331792008895,-6.033022607392268
05345737-0514334,83.73905944824219,-5.242637157440186,,,,,,,,,,,4.478000164031982,0.2517677060445444,0.367000013589859,1.355192136466162,6.296884463830406,-8.476123534609684,,,1980999.9465942373,3.340999921164206e-09,-0.43533391966616497,-5.392583889163847
05341954-0530198,83.58145141601562,-5.50551700592041,,,,,,,,,,,2.2709999084472656,2.1478304116374947,1.1390000581741333,2.333266147648404,6.100715099382633,-7.815024798562761,,,1261000.0371932988,1.531000037857666e-08,0.05652374626057924,-5.371154028632422
05352016-0526390,83.83402252197266,-5.444180965423584,,,,,,,,,,,1.2419999837875366,3.026913471305821,0.6729999780654907,3.3356317179731576,5.463893001795459,-7.20859008581244,,,291000.0085830689,6.185999978924886e-08,-0.17198494993060934,-4.766816991445989
05365983-0120245,84.24929809570312,-1.340147018432617,,,,,,,,,,,1.3300000429153442,0.2233572105116833,0.2689999938011169,1.4017627911871196,6.13703747110277,-8.480040829914183,,,1371000.0514984136,3.3109999186820055e-09,-0.5702477300055503,-5.3088810282077326
05350392-0529033,83.76634216308594,-5.484264850616455,,,,,,,,,,,1.218000054359436,1.0690548771685473,0.4760000109672546,2.3787814662462625,5.719331277893997,-8.055714760918761,,,523999.9890327452,8.796000372512937e-09,-0.3223930372731663,-5.337980332393804
05351121-0517209,83.79673767089844,-5.289146900177002,,,,,,,,,,,4.4710001945495605,0.7925013240632388,0.453000009059906,2.1276071936599155,5.829303780500942,-7.540004734768644,,,675000.0119209292,2.8840000609875457e-08,-0.34390178930136867,-4.752612907103597
05354311-0424556,83.92963409423828,-4.415471076965332,,,,,,,,,,,0.1899999976158142,1.039920168041275,0.5609999895095825,2.199188200037405,5.848189106710446,-8.373967743613518,,,704999.983310699,4.227000083290024e-09,-0.2510371468649268,-5.684357002923505
05351236-0543184,83.801513671875,-5.721799850463867,,,,,,,,,,,0.7599999904632568,0.984011105271576,0.6499999761581421,2.0334460908124785,5.999565493822948,-8.46673648683237,,,999000.0128746032,3.4139999716131772e-09,-0.18708665928697138,-5.7875750527702206
